timestamp,water_usage
2025-01-01 00:00:00,10.993428306022466
2025-01-01 01:00:00,9.723471397657631
2025-01-01 02:00:00,11.295377076201383
2025-01-01 03:00:00,13.046059712816051
2025-01-01 04:00:00,9.531693250553328
2025-01-01 05:00:00,9.53172608610164
2025-01-01 06:00:00,13.158425631014785
2025-01-01 07:00:00,11.534869458305815
2025-01-01 08:00:00,9.061051228130095
2025-01-01 09:00:00,11.08512008717193
2025-01-01 10:00:00,9.073164614375075
2025-01-01 11:00:00,9.068540492859489
2025-01-01 12:00:00,10.48392454313207
2025-01-01 13:00:00,6.173439510684404
2025-01-01 14:00:00,6.550164334973935
2025-01-01 15:00:00,8.875424941518055
2025-01-01 16:00:00,7.974337759331153
2025-01-01 17:00:00,10.628494665190548
2025-01-01 18:00:00,8.183951848957578
2025-01-01 19:00:00,7.175392597329417
2025-01-01 20:00:00,12.931297537843108
2025-01-01 21:00:00,9.548447399026928
2025-01-01 22:00:00,10.135056409375848
2025-01-01 23:00:00,7.150503627573086
2025-01-02 00:00:00,8.911234550949635
2025-01-02 01:00:00,10.221845179419732
2025-01-02 02:00:00,7.698012845155395
2025-01-02 03:00:00,10.751396036691345
2025-01-02 04:00:00,8.79872262016239
2025-01-02 05:00:00,9.416612500413446
2025-01-02 06:00:00,8.796586775541206
2025-01-02 07:00:00,13.704556369017876
2025-01-02 08:00:00,9.973005550524132
2025-01-02 09:00:00,7.8845781420882
2025-01-02 10:00:00,11.645089824206378
2025-01-02 11:00:00,7.5583127000579555
2025-01-02 12:00:00,10.417727190009511
2025-01-02 13:00:00,6.080659752240448
2025-01-02 14:00:00,7.343627902203139
2025-01-02 15:00:00,10.393722471738249
2025-01-02 16:00:00,11.47693315999082
2025-01-02 17:00:00,10.34273656237994
2025-01-02 18:00:00,9.76870343522352
2025-01-02 19:00:00,9.397792608821424
2025-01-02 20:00:00,7.042956019265145
2025-01-02 21:00:00,8.560311583210582
2025-01-02 22:00:00,9.078722458080424
2025-01-02 23:00:00,12.11424445243783
2025-01-03 00:00:00,10.687236579136922
2025-01-03 01:00:00,6.473919689274532
2025-01-03 02:00:00,10.648167938789593
2025-01-03 03:00:00,9.229835439167369
2025-01-03 04:00:00,8.646155999388082
2025-01-03 05:00:00,11.223352577681736
2025-01-03 06:00:00,12.061999044991902
2025-01-03 07:00:00,11.862560238232398
2025-01-03 08:00:00,8.321564953554724
2025-01-03 09:00:00,9.38157524829757
2025-01-03 10:00:00,10.662526862807129
2025-01-03 11:00:00,11.951090254244718
2025-01-03 12:00:00,9.04165152430942
2025-01-03 13:00:00,9.628682046672363
2025-01-03 14:00:00,7.787330051987944
2025-01-03 15:00:00,7.607586751838658
2025-01-03 16:00:00,11.625051644788396
2025-01-03 17:00:00,12.712480057141644
2025-01-03 18:00:00,9.855979756839332
2025-01-03 19:00:00,12.007065795784047
2025-01-03 20:00:00,10.723272050095268
2025-01-03 21:00:00,8.709760490789751
2025-01-03 22:00:00,10.722791211016828
2025-01-03 23:00:00,13.076073132931938
2025-01-04 00:00:00,9.928347921780096
2025-01-04 01:00:00,13.129287311628012
2025-01-04 02:00:00,4.760509791820511
2025-01-04 03:00:00,11.643805008750448
2025-01-04 04:00:00,10.174094136476343
2025-01-04 05:00:00,9.401985299068263
2025-01-04 06:00:00,10.183521553071005
2025-01-04 07:00:00,6.024862170798214
2025-01-04 08:00:00,9.560656224324976
2025-01-04 09:00:00,10.714225143023492
2025-01-04 10:00:00,12.955788089483033
2025-01-04 11:00:00,8.963459563452705
2025-01-04 12:00:00,8.383012794213625
2025-01-04 13:00:00,8.996485912830927
2025-01-04 14:00:00,11.830804235404148
2025-01-04 15:00:00,10.657502219319367
2025-01-04 16:00:00,8.940479592465923
2025-01-04 17:00:00,11.026534866226712
2025-01-04 18:00:00,10.19415509869608
2025-01-04 19:00:00,11.937289981065778
2025-01-04 20:00:00,8.595893812245295
2025-01-04 21:00:00,9.344675706804464
2025-01-04 22:00:00,9.215783693735684
2025-01-04 23:00:00,7.072970103735763
2025-01-05 00:00:00,10.592240554129152
2025-01-05 01:00:00,10.522110544359778
2025-01-05 02:00:00,10.010226913284924
2025-01-05 03:00:00,9.530825733249705
2025-01-05 04:00:00,7.169258515899172
2025-01-05 05:00:00,9.158709354469282
2025-01-05 06:00:00,9.31457096694646
2025-01-05 07:00:00,8.395445461556761
2025-01-05 08:00:00,9.677428576667982
2025-01-05 09:00:00,10.808101713629076
2025-01-05 10:00:00,13.77237180242106
2025-01-05 11:00:00,10.34915562566368
2025-01-05 12:00:00,10.515100781445527
2025-01-05 13:00:00,9.851108168467666
2025-01-05 14:00:00,6.1624575694019175
2025-01-05 15:00:00,9.946972249101568
2025-01-05 16:00:00,10.120460419882052
2025-01-05 17:00:00,14.926484224970572
2025-01-05 18:00:00,9.615278070437755
2025-01-05 19:00:00,10.603094684667225
2025-01-05 20:00:00,9.930576460589512
2025-01-05 21:00:00,7.662643924760936
2025-01-05 22:00:00,12.28564562903004
2025-01-05 23:00:00,11.503866065373549
2025-01-06 00:00:00,11.582063894086094
2025-01-06 01:00:00,8.181225090410521
2025-01-06 02:00:00,12.805588621872198
2025-01-06 03:00:00,7.196297874415438
2025-01-06 04:00:00,11.17371418760054
2025-01-06 05:00:00,14.380911251619956
2025-01-06 06:00:00,8.018927349738624
2025-01-06 07:00:00,8.867404540794457
2025-01-06 08:00:00,10.199302730175283
2025-01-06 09:00:00,8.993048691767601
2025-01-06 10:00:00,6.898673137867735
2025-01-06 11:00:00,10.137125949612054
2025-01-06 12:00:00,7.87539257254779
2025-01-06 13:00:00,10.947184861270363
2025-01-06 14:00:00,8.161151531532393
2025-01-06 15:00:00,13.09986881003508
2025-01-06 16:00:00,8.433493415327526
2025-01-06 17:00:00,9.35587696758865
2025-01-06 18:00:00,11.62703443473934
2025-01-06 19:00:00,7.53827136713209
2025-01-06 20:00:00,10.45491986920826
2025-01-06 21:00:00,12.614285508564857
2025-01-06 22:00:00,6.785033530877545
2025-01-06 23:00:00,10.36926771706461
2025-01-07 00:00:00,10.519765588496847
2025-01-07 01:00:00,11.56364574355462
2025-01-07 02:00:00,7.526098578243836
2025-01-07 03:00:00,7.359086773831447
2025-01-07 04:00:00,11.043883131233796
2025-01-07 05:00:00,10.593969346466372
2025-01-07 06:00:00,10.500985700691754
2025-01-07 07:00:00,10.692896418993952
2025-01-07 08:00:00,8.639950556843019
2025-01-07 09:00:00,10.464507394322007
2025-01-07 10:00:00,10.586144946597363
2025-01-07 11:00:00,8.571297163947264
2025-01-07 12:00:00,13.731549022289514
2025-01-07 13:00:00,10.947665841823577
2025-01-07 14:00:00,7.617393005594703
2025-01-07 15:00:00,11.31310721726766
2025-01-07 16:00:00,8.050636659545358
2025-01-07 17:00:00,11.574169207484903
2025-01-07 18:00:00,12.317191158014808
2025-01-07 19:00:00,8.358635363296578
2025-01-07 20:00:00,11.926752258488644
2025-01-07 21:00:00,10.825561853872996
2025-01-07 22:00:00,11.64412031998898
2025-01-07 23:00:00,13.793585965307894
2025-01-08 00:00:00,9.50922376799426
2025-01-08 01:00:00,8.492527671285021
2025-01-08 02:00:00,8.220971140748954
2025-01-08 03:00:00,8.368379430069123
2025-01-08 04:00:00,9.845796581171792
2025-01-08 05:00:00,10.682303949633289
2025-01-08 06:00:00,10.55338159866004
2025-01-08 07:00:00,11.654366498072047
2025-01-08 08:00:00,10.026003783755812
2025-01-08 09:00:00,12.907068154314633
2025-01-08 10:00:00,9.470686333524087
2025-01-08 11:00:00,15.440338333179238
2025-01-08 12:00:00,11.251334695530012
2025-01-08 13:00:00,8.285684887167434
2025-01-08 14:00:00,7.858215003877776
2025-01-08 15:00:00,10.96494483048637
2025-01-08 16:00:00,9.553074429348298
2025-01-08 17:00:00,11.428000988184184
2025-01-08 18:00:00,10.94647524914709
2025-01-08 19:00:00,9.854342174686254
2025-01-08 20:00:00,8.30641256386319
2025-01-08 21:00:00,6.970305550628271
2025-01-08 22:00:00,9.106970095865956
2025-01-08 23:00:00,11.712797588646945
2025-01-09 00:00:00,10.428187488260408
2025-01-09 01:00:00,7.508522442576024
2025-01-09 02:00:00,10.346361851702364
2025-01-09 03:00:00,10.770634759457671
2025-01-09 04:00:00,8.232285127597734
2025-01-09 05:00:00,10.307450211891055
2025-01-09 06:00:00,10.116417436892
2025-01-09 07:00:00,7.714059404338753
2025-01-09 08:00:00,10.715574720696566
2025-01-09 09:00:00,11.121569052736469
2025-01-09 10:00:00,12.166102486350551
2025-01-09 11:00:00,12.107604104069804
2025-01-09 12:00:00,7.244661264085818
2025-01-09 13:00:00,8.124349920169754
2025-01-09 14:00:00,11.03007053441732
2025-01-09 15:00:00,11.027571901824418
2025-01-09 16:00:00,11.030095372612095
2025-01-09 17:00:00,17.70546298130944
2025-01-09 18:00:00,11.141781021386334
2025-01-09 19:00:00,12.271131280361198
2025-01-09 20:00:00,11.908003526986406
2025-01-09 21:00:00,11.302782502611596
2025-01-09 22:00:00,9.369461510719308
2025-01-09 23:00:00,11.517938440986534
2025-01-10 00:00:00,8.454349570924856
2025-01-10 01:00:00,9.526362786519982
2025-01-10 02:00:00,9.029272904341791
2025-01-10 03:00:00,10.163748278772646
2025-01-10 04:00:00,14.629317133347016
2025-01-10 05:00:00,6.265469614816503
2025-01-10 06:00:00,11.372520380749028
2025-01-10 07:00:00,6.774568257620697
2025-01-10 08:00:00,9.056136268421133
2025-01-10 09:00:00,12.177901193934732
2025-01-10 10:00:00,10.128560038190926
2025-01-10 11:00:00,7.844510444141388
2025-01-10 12:00:00,8.569392581480063
2025-01-10 13:00:00,11.35919549786935
2025-01-10 14:00:00,8.539266736565727
2025-01-10 15:00:00,10.43291717916395
2025-01-10 16:00:00,10.091143679807628
2025-01-10 17:00:00,8.696799304788366
2025-01-10 18:00:00,14.28788817865065
2025-01-10 19:00:00,11.267838044636022
2025-01-10 20:00:00,5.949714826684786
2025-01-10 21:00:00,10.372908629538856
2025-01-10 22:00:00,8.676427070463223
2025-01-10 23:00:00,11.704866669592448
2025-01-11 00:00:00,8.4149585231346
2025-01-11 01:00:00,9.770527117066202
2025-01-11 02:00:00,11.009974557960916
2025-01-11 03:00:00,11.731510388340244
2025-01-11 04:00:00,7.599407185888447
2025-01-11 05:00:00,9.330997528318104
2025-01-11 06:00:00,9.050109377678089
2025-01-11 07:00:00,8.693341534852577
2025-01-11 08:00:00,13.530908480562193
2025-01-11 09:00:00,10.80996342192191
2025-01-11 10:00:00,7.478232091329909
2025-01-11 11:00:00,11.835723894109552
2025-01-11 12:00:00,14.244312394025266
2025-01-11 13:00:00,12.064930521102294
2025-01-11 14:00:00,6.961260068091973
2025-01-11 15:00:00,9.031531854267495
2025-01-11 16:00:00,12.533822298373243
2025-01-11 17:00:00,8.584661068762438
2025-01-11 18:00:00,10.887638856292456
2025-01-11 19:00:00,11.549268106858673
2025-01-11 20:00:00,8.146139056843834
2025-01-11 21:00:00,9.8809492878764
2025-01-11 22:00:00,3.517465319861855
2025-01-11 23:00:00,7.951224717331421
2025-01-12 00:00:00,9.49486369721368
2025-01-12 01:00:00,7.504433636070301
2025-01-12 02:00:00,13.26482260786327
2025-01-12 03:00:00,7.139717244078735
2025-01-12 04:00:00,9.119911026606031
2025-01-12 05:00:00,10.261481154572182
2025-01-12 06:00:00,12.882546578132231
2025-01-12 07:00:00,7.128275697641121
2025-01-12 08:00:00,12.32632750430992
2025-01-12 09:00:00,10.020466122039174
2025-01-12 10:00:00,8.036982697904097
2025-01-12 11:00:00,10.92420694852654
2025-01-12 12:00:00,10.39811939114694
2025-01-12 13:00:00,8.79956624568241
2025-01-12 14:00:00,10.139604169980036
2025-01-12 15:00:00,9.22937280627648
2025-01-12 16:00:00,10.227034690502496
2025-01-12 17:00:00,11.324261349042091
2025-01-12 18:00:00,13.172033632290704
2025-01-12 19:00:00,7.524369002346302
2025-01-12 20:00:00,14.266066749312532
2025-01-12 21:00:00,6.095824400954996
2025-01-12 22:00:00,9.696429809928834
2025-01-12 23:00:00,11.176634412969152
2025-01-13 00:00:00,10.561983735470063
2025-01-13 01:00:00,8.754600960358813
2025-01-13 02:00:00,9.583755499285449
2025-01-13 03:00:00,9.013998130682332
2025-01-13 04:00:00,8.821270486111576
2025-01-13 05:00:00,11.69920419404205
2025-01-13 06:00:00,10.714030971930097
2025-01-13 07:00:00,8.614180809478691
2025-01-13 08:00:00,11.7991997508665
2025-01-13 09:00:00,10.614599041753218
2025-01-13 10:00:00,11.62572423767792
2025-01-13 11:00:00,11.259257683847224
2025-01-13 12:00:00,8.342009978155854
2025-01-13 13:00:00,8.879637919606061
2025-01-13 14:00:00,11.494587210246523
2025-01-13 15:00:00,11.22074053086693
2025-01-13 16:00:00,9.958196812071703
2025-01-13 17:00:00,10.234654766617563
2025-01-13 18:00:00,12.555329791576847
2025-01-13 19:00:00,8.81685722232834
2025-01-13 20:00:00,11.094194762340075
2025-01-13 21:00:00,9.595614695132213
2025-01-13 22:00:00,9.56463759354556
2025-01-13 23:00:00,12.19755370397438
2025-01-14 00:00:00,11.65083269797606
2025-01-14 01:00:00,11.627019272001275
2025-01-14 02:00:00,12.610957614308658
2025-01-14 03:00:00,10.04200768326552
2025-01-14 04:00:00,11.363905942589929
2025-01-14 05:00:00,9.379466486813088
2025-01-14 06:00:00,10.648332704976884
2025-01-14 07:00:00,9.73971389126463
2025-01-14 08:00:00,10.193991929985437
2025-01-14 09:00:00,11.190314050873829
2025-01-14 10:00:00,8.363558633533055
2025-01-14 11:00:00,14.18477455137092
2025-01-14 12:00:00,7.987965237000596
2025-01-14 13:00:00,7.571622774424536
2025-01-14 14:00:00,12.316221747000135
2025-01-14 15:00:00,11.583325387925871
2025-01-14 16:00:00,11.24823963410431
2025-01-14 17:00:00,11.25669101852856
2025-01-14 18:00:00,9.97550645430617
2025-01-14 19:00:00,8.205491257028337
2025-01-14 20:00:00,10.151609116387451
2025-01-14 21:00:00,8.645676576975777
2025-01-14 22:00:00,11.950239466835502
2025-01-14 23:00:00,9.705885236995725
2025-01-15 00:00:00,8.349005606414977
2025-01-15 01:00:00,9.357228316694012
2025-01-15 02:00:00,10.82586290855125
2025-01-15 03:00:00,8.87255089439205
2025-01-15 04:00:00,8.355559208867136
2025-01-15 05:00:00,10.487374422983825
2025-01-15 06:00:00,10.489933142217446
2025-01-15 07:00:00,8.98611364925774
2025-01-15 08:00:00,9.057923388763356
2025-01-15 09:00:00,10.464099874715272
2025-01-15 10:00:00,7.103831317005351
2025-01-15 11:00:00,7.1850724512468895
2025-01-15 12:00:00,8.563111557495128
2025-01-15 13:00:00,9.573105696576306
2025-01-15 14:00:00,10.621815131196009
2025-01-15 15:00:00,12.950712433899104
2025-01-15 16:00:00,11.71531924640404
2025-01-15 17:00:00,9.680122940073144
2025-01-15 18:00:00,9.961967584194625
2025-01-15 19:00:00,7.994941270724382
2025-01-15 20:00:00,9.96297372801522
2025-01-15 21:00:00,9.422682722159724
2025-01-15 22:00:00,10.64543712067618
2025-01-15 23:00:00,8.345538112895355
2025-01-16 00:00:00,11.038693028482344
2025-01-16 01:00:00,13.065477826005155
2025-01-16 02:00:00,9.782479703086285
2025-01-16 03:00:00,10.803423444197882
2025-01-16 04:00:00,11.380287983422225
2025-01-16 05:00:00,9.197559056228329
2025-01-16 06:00:00,10.448184963620834
2025-01-16 07:00:00,10.02518480156359
2025-01-16 08:00:00,10.195352197097664
2025-01-16 09:00:00,8.453980432289066
2025-01-16 10:00:00,10.049020348517884
2025-01-16 11:00:00,10.9959965824909
2025-01-16 12:00:00,12.902287215590084
2025-01-16 13:00:00,11.918541652170411
2025-01-16 14:00:00,14.306364915023114
2025-01-16 15:00:00,8.4653048742239
2025-01-16 16:00:00,11.744641273441356
2025-01-16 17:00:00,10.366684011476703
2025-01-16 18:00:00,14.379605866435345
2025-01-16 19:00:00,8.383403429289697
2025-01-16 20:00:00,8.320556315638449
2025-01-16 21:00:00,8.801214709111957
2025-01-16 22:00:00,5.752208551380386
2025-01-16 23:00:00,8.948489956638477
2025-01-17 00:00:00,8.481734676892604
2025-01-17 01:00:00,10.300787572952416
2025-01-17 02:00:00,10.68351195155432
2025-01-17 03:00:00,13.752341678431772
2025-01-17 04:00:00,11.9008476763721
2025-01-17 05:00:00,8.846192688675194
2025-01-17 06:00:00,8.203170657303284
2025-01-17 07:00:00,10.983838343013012
2025-01-17 08:00:00,7.359533585958715
2025-01-17 09:00:00,13.662917531708707
2025-01-17 10:00:00,12.358880241442574
2025-01-17 11:00:00,9.061648695790591
2025-01-17 12:00:00,6.573730941818244
2025-01-17 13:00:00,12.707744748330828
2025-01-17 14:00:00,9.770920309494764
2025-01-17 15:00:00,12.475632623946924
2025-01-17 16:00:00,6.811144682411266
2025-01-17 17:00:00,8.801249954092455
2025-01-17 18:00:00,10.010487399436366
2025-01-17 19:00:00,10.093961187529484
2025-01-17 20:00:00,9.099869057041513
2025-01-17 21:00:00,11.245699864694998
2025-01-17 22:00:00,7.864759141234812
2025-01-17 23:00:00,9.715241029957411
2025-01-18 00:00:00,10.2405912634238
2025-01-18 01:00:00,11.0288776681175
2025-01-18 02:00:00,11.42322975617778
2025-01-18 03:00:00,7.750715816324262
2025-01-18 04:00:00,6.931771658528755
2025-01-18 05:00:00,12.555353643797018
2025-01-18 06:00:00,10.664628023959184
2025-01-18 07:00:00,8.503026926886893
2025-01-18 08:00:00,13.102303951045046
2025-01-18 09:00:00,10.231349268585715
2025-01-18 10:00:00,12.358594368127653
2025-01-18 11:00:00,10.135036962820218
2025-01-18 12:00:00,14.121495849763974
2025-01-18 13:00:00,13.510681684886409
2025-01-18 14:00:00,9.502071703041851
2025-01-18 15:00:00,11.94314190190871
2025-01-18 16:00:00,11.290751899170296
2025-01-18 17:00:00,12.737263115064698
2025-01-18 18:00:00,8.070153078839791
2025-01-18 19:00:00,11.37210291999688
2025-01-18 20:00:00,12.116848973699176
2025-01-18 21:00:00,6.482521027153771
2025-01-18 22:00:00,7.63348297466845
2025-01-18 23:00:00,5.921535644479799
2025-01-19 00:00:00,9.461186331110884
2025-01-19 01:00:00,11.435084511591924
2025-01-19 02:00:00,13.004714104192056
2025-01-19 03:00:00,10.148189560839551
2025-01-19 04:00:00,13.257231091142584
2025-01-19 05:00:00,7.239797083570217
2025-01-19 06:00:00,6.593235121289691
2025-01-19 07:00:00,9.888904602206765
2025-01-19 08:00:00,10.768130897878615
2025-01-19 09:00:00,9.934610503811816
2025-01-19 10:00:00,5.865115799920247
2025-01-19 11:00:00,9.821759920974424
2025-01-19 12:00:00,7.391060998990294
2025-01-19 13:00:00,11.339345097660075
2025-01-19 14:00:00,10.733196492193697
2025-01-19 15:00:00,8.120240427345289
2025-01-19 16:00:00,8.972266165326612
2025-01-19 17:00:00,7.881572956222097
2025-01-19 18:00:00,9.874641805453656
2025-01-19 19:00:00,11.910284641002477
2025-01-19 20:00:00,8.028547907328912
2025-01-19 21:00:00,11.008093031035688
2025-01-19 22:00:00,8.939484763255118
2025-01-19 23:00:00,8.414254335475311
2025-01-20 00:00:00,9.785939280090885
2025-01-20 01:00:00,7.929515355161252
2025-01-20 02:00:00,8.892701389305635
2025-01-20 03:00:00,7.604244214822304
2025-01-20 04:00:00,13.92945026583278
2025-01-20 05:00:00,10.070527103943457
2025-01-20 06:00:00,8.600548984014829
2025-01-20 07:00:00,10.427959821468445
2025-01-20 08:00:00,9.77534390061834
2025-01-20 09:00:00,9.558060800933555
2025-01-20 10:00:00,11.22833340008685
2025-01-20 11:00:00,11.51501542009461
2025-01-20 12:00:00,8.938997704778945
2025-01-20 13:00:00,8.84836351871064
2025-01-20 14:00:00,9.449896605696711
2025-01-20 15:00:00,5.39615767052883
2025-01-20 16:00:00,6.969617875602896
2025-01-20 17:00:00,12.733748534889047
2025-01-20 18:00:00,13.289935427002568
2025-01-20 19:00:00,9.501927920887244
2025-01-20 20:00:00,11.153113926111534
2025-01-20 21:00:00,10.622500309087073
2025-01-20 22:00:00,16.157761616910477
2025-01-20 23:00:00,12.239149822869154
2025-01-21 00:00:00,9.744164817038468
2025-01-21 01:00:00,8.088919118799149
2025-01-21 02:00:00,6.787107359484855
2025-01-21 03:00:00,10.406927271734446
2025-01-21 04:00:00,8.487298509431394
2025-01-21 05:00:00,7.155492580804651
2025-01-21 06:00:00,8.706854231514946
2025-01-21 07:00:00,7.83690399277121
2025-01-21 08:00:00,13.37428327014513
2025-01-21 09:00:00,11.7632795138989
2025-01-21 10:00:00,9.984054717366766
2025-01-21 11:00:00,12.959888277780053
2025-01-21 12:00:00,10.154736615295237
2025-01-21 13:00:00,8.277431597343472
2025-01-21 14:00:00,13.046248154539317
2025-01-21 15:00:00,11.077820087369318
2025-01-21 16:00:00,7.925507691347088
2025-01-21 17:00:00,9.619322643832785
2025-01-21 18:00:00,8.248763493230484
2025-01-21 19:00:00,7.234400538071327
2025-01-21 20:00:00,11.852355095063285
2025-01-21 21:00:00,13.81883328094026
2025-01-21 22:00:00,7.202864852361717
2025-01-21 23:00:00,11.125938473381142
2025-01-22 00:00:00,8.698714861756345
2025-01-22 01:00:00,9.025749232470607
2025-01-22 02:00:00,8.815212151522262
2025-01-22 03:00:00,8.272018460640368
2025-01-22 04:00:00,10.097043255889654
2025-01-22 05:00:00,8.338099767177924
2025-01-22 06:00:00,10.540913651559675
2025-01-22 07:00:00,9.899523781101726
2025-01-22 08:00:00,9.52210390626718
2025-01-22 09:00:00,8.184872675916804
2025-01-22 10:00:00,8.846457338863335
2025-01-22 11:00:00,11.510782451651512
2025-01-22 12:00:00,11.001834375248762
2025-01-22 13:00:00,8.044889510402898
2025-01-22 14:00:00,10.19866461085845
2025-01-22 15:00:00,11.502774246743575
2025-01-22 16:00:00,6.6611894377572565
2025-01-22 17:00:00,11.08672038475987
2025-01-22 18:00:00,8.674752482108307
2025-01-22 19:00:00,11.141197337186318
2025-01-22 20:00:00,8.473481686914965
2025-01-22 21:00:00,6.390235798670962
2025-01-22 22:00:00,6.744915124233675
2025-01-22 23:00:00,10.096169893322765
2025-01-23 00:00:00,10.519445003442964
2025-01-23 01:00:00,8.191366749791182
2025-01-23 02:00:00,11.277184917554749
2025-01-23 03:00:00,6.67695987546208
2025-01-23 04:00:00,9.867840402705369
2025-01-23 05:00:00,7.577967600475088
2025-01-23 06:00:00,8.696327784395681
2025-01-23 07:00:00,10.094797342632829
2025-01-23 08:00:00,8.279173269432095
2025-01-23 09:00:00,9.23088891154035
2025-01-23 10:00:00,12.01258561842888
2025-01-23 11:00:00,8.846216260953703
2025-01-23 12:00:00,11.671384224130284
2025-01-23 13:00:00,7.740586290684764
2025-01-23 14:00:00,11.059608355830566
2025-01-23 15:00:00,12.8831372413158
2025-01-23 16:00:00,5.056710999745421
2025-01-23 17:00:00,8.406209489059046
2025-01-23 18:00:00,11.15414425436108
2025-01-23 19:00:00,9.593909227914017
2025-01-23 20:00:00,10.742291746742618
2025-01-23 21:00:00,8.79202962656836
2025-01-23 22:00:00,10.1731795749458
2025-01-23 23:00:00,9.68864552921584
2025-01-24 00:00:00,12.335564123319614
2025-01-24 01:00:00,10.508841686602429
2025-01-24 02:00:00,10.675205324150404
2025-01-24 03:00:00,9.176246067755065
2025-01-24 04:00:00,9.024787551855011
2025-01-24 05:00:00,9.13488362436076
2025-01-24 06:00:00,10.788904284756594
2025-01-24 07:00:00,9.158031038359477
2025-01-24 08:00:00,10.579549713792826
2025-01-24 09:00:00,14.150801597290876
2025-01-24 10:00:00,11.742249406863383
2025-01-24 11:00:00,9.347952935664315
2025-01-24 12:00:00,12.402427844327889
2025-01-24 13:00:00,9.183849253956897
2025-01-24 14:00:00,5.923750929644292
2025-01-24 15:00:00,7.983827378165191
2025-01-24 16:00:00,6.258416157948289
2025-01-24 17:00:00,9.296973031917382
2025-01-24 18:00:00,10.036836758379104
2025-01-24 19:00:00,13.352874624550566
2025-01-24 20:00:00,10.653854747528325
2025-01-24 21:00:00,9.561798942382271
2025-01-24 22:00:00,11.65881116236698
2025-01-24 23:00:00,5.57772938198423
2025-01-25 00:00:00,10.471229116217131
2025-01-25 01:00:00,11.541730387773931
2025-01-25 02:00:00,7.0428275084403165
2025-01-25 03:00:00,12.287508086413858
2025-01-25 04:00:00,10.676992814988829
2025-01-25 05:00:00,9.169424172198395
2025-01-25 06:00:00,11.26556373221257
2025-01-25 07:00:00,14.541385715608792
2025-01-25 08:00:00,10.363732510116993
2025-01-25 09:00:00,10.496441172600672
2025-01-25 10:00:00,9.081278200919511
2025-01-25 11:00:00,8.300311261070416
2025-01-25 12:00:00,11.66067163308849
2025-01-25 13:00:00,8.287832348182265
2025-01-25 14:00:00,10.143132474438785
2025-01-25 15:00:00,9.044685106469768
2025-01-25 16:00:00,10.957959651492784
2025-01-25 17:00:00,10.667324210573897
2025-01-25 18:00:00,12.075079888515798
2025-01-25 19:00:00,8.979967202290506
2025-01-25 20:00:00,9.460250129413255
2025-01-25 21:00:00,8.042472568435386
2025-01-25 22:00:00,9.111413479847776
2025-01-25 23:00:00,10.754600986089704
2025-01-26 00:00:00,11.513977233290705
2025-01-26 01:00:00,8.155669351644748
2025-01-26 02:00:00,11.73921184021132
2025-01-26 03:00:00,12.7112757176099
2025-01-26 04:00:00,10.826869806447402
2025-01-26 05:00:00,13.753591625116131
2025-01-26 06:00:00,8.452421601792853
2025-01-26 07:00:00,7.510690593377166
2025-01-26 08:00:00,6.442559502191443
2025-01-26 09:00:00,12.992088622978368
2025-01-26 10:00:00,11.308731312708115
2025-01-26 11:00:00,9.88883065817909
2025-01-26 12:00:00,10.55993725263964
2025-01-26 13:00:00,7.7490219054032465
2025-01-26 14:00:00,14.891503959233653
2025-01-26 15:00:00,10.258442363950454
2025-01-26 16:00:00,10.218789589209786
2025-01-26 17:00:00,11.451533247797384
2025-01-26 18:00:00,10.962018463473427
2025-01-26 19:00:00,10.447768048558263
2025-01-26 20:00:00,8.419051089109375
2025-01-26 21:00:00,10.942936714271992
2025-01-26 22:00:00,13.764048992950068
2025-01-26 23:00:00,12.690840092309957
2025-01-27 00:00:00,13.186373253278797
2025-01-27 01:00:00,8.97756864713763
2025-01-27 02:00:00,8.020790359482838
2025-01-27 03:00:00,9.748426159800704
2025-01-27 04:00:00,10.11144982457739
2025-01-27 05:00:00,12.188383036941897
2025-01-27 06:00:00,6.615070740570362
2025-01-27 07:00:00,13.059100638921228
2025-01-27 08:00:00,9.68398420284202
2025-01-27 09:00:00,9.14623786010516
2025-01-27 10:00:00,7.975791249479665
2025-01-27 11:00:00,6.69028665626846
2025-01-27 12:00:00,11.64634116792383
2025-01-27 13:00:00,10.146635934376809
2025-01-27 14:00:00,7.420078200517892
2025-01-27 15:00:00,7.409842455872768
2025-01-27 16:00:00,9.328430601419743
2025-01-27 17:00:00,13.338043050578786
2025-01-27 18:00:00,9.48081729727279
2025-01-27 19:00:00,6.993714093763788
2025-01-27 20:00:00,9.508513871828113
2025-01-27 21:00:00,9.45455286050466
2025-01-27 22:00:00,4.606226714116857
2025-01-27 23:00:00,9.891410266964376
2025-01-28 00:00:00,9.538130939582643
2025-01-28 01:00:00,11.392412729626836
2025-01-28 02:00:00,13.69791218989069
2025-01-28 03:00:00,12.253130059095517
2025-01-28 04:00:00,9.46222261889034
2025-01-28 05:00:00,7.78694818251666
2025-01-28 06:00:00,15.14671960649972
2025-01-28 07:00:00,10.118436868028976
2025-01-28 08:00:00,10.027858583825893
2025-01-28 09:00:00,9.951749825779991
2025-01-28 10:00:00,10.396169521535713
2025-01-28 11:00:00,9.711279176152114
2025-01-28 12:00:00,8.852675986239527
2025-01-28 13:00:00,8.906282117519215
2025-01-28 14:00:00,9.934493459568005
2025-01-28 15:00:00,8.91315045773247
2025-01-28 16:00:00,8.57430843464567
2025-01-28 17:00:00,10.212860455383794
2025-01-28 18:00:00,9.49004556515829
2025-01-28 19:00:00,13.007985977165376
2025-01-28 20:00:00,4.698060383213976
2025-01-28 21:00:00,12.183013703844924
2025-01-28 22:00:00,12.49217038499526
2025-01-28 23:00:00,5.853219535183701
2025-01-29 00:00:00,9.314624811839302
2025-01-29 01:00:00,9.257118268008416
2025-01-29 02:00:00,7.184976610564357
2025-01-29 03:00:00,8.44436662481825
2025-01-29 04:00:00,7.7788483090683425
2025-01-29 05:00:00,13.504540886847243
2025-01-29 06:00:00,11.871356786294925
2025-01-29 07:00:00,12.543110189988315
2025-01-29 08:00:00,11.44334412808647
2025-01-29 09:00:00,7.741896457565542
2025-01-29 10:00:00,8.950959467440452
2025-01-29 11:00:00,10.978749122455836
2025-01-29 12:00:00,7.555744382216109
2025-01-29 13:00:00,11.425996860344776
2025-01-29 14:00:00,9.51934920368373
2025-01-29 15:00:00,9.250358384900805
2025-01-29 16:00:00,11.421919936406985
2025-01-29 17:00:00,10.88852662297208
2025-01-29 18:00:00,9.27806766836184
2025-01-29 19:00:00,12.318659606728495
2025-01-29 20:00:00,7.837873344800205
2025-01-29 21:00:00,11.231871213888528
2025-01-29 22:00:00,11.186202515936769
2025-01-29 23:00:00,9.38090712137202
2025-01-30 00:00:00,10.652266044484236
2025-01-30 01:00:00,7.497772847229394
2025-01-30 02:00:00,11.8480540384138
2025-01-30 03:00:00,9.63019572711402
2025-01-30 04:00:00,8.95455395896192
2025-01-30 05:00:00,12.09801845167378
2025-01-30 06:00:00,8.59131261891448
2025-01-30 07:00:00,7.183077407272881
2025-01-30 08:00:00,6.8867416529521925
2025-01-30 09:00:00,11.21201990269128
2025-01-30 10:00:00,7.439141295007434
2025-01-30 11:00:00,13.50958836396873
2025-01-30 12:00:00,5.836141184232556
2025-01-30 13:00:00,13.392912736580076
2025-01-30 14:00:00,10.422034934405238
2025-01-30 15:00:00,9.806573776259215
2025-01-30 16:00:00,8.910161826382101
2025-01-30 17:00:00,10.79827222870414
2025-01-30 18:00:00,9.924730595150304
2025-01-30 19:00:00,12.206603764033044
2025-01-30 20:00:00,10.22845529732408
2025-01-30 21:00:00,10.300603522923756
2025-01-30 22:00:00,9.272775575572288
2025-01-30 23:00:00,9.886108752557863
2025-01-31 00:00:00,10.615603537784118
2025-01-31 01:00:00,6.579663214686749
2025-01-31 02:00:00,7.303629155788574
2025-01-31 03:00:00,11.48652818804543
2025-01-31 04:00:00,10.341730876255884
2025-01-31 05:00:00,9.63203332729464
2025-01-31 06:00:00,10.036867866130786
2025-01-31 07:00:00,10.695163410723342
2025-01-31 08:00:00,8.920480639381276
2025-01-31 09:00:00,8.443390549195374
2025-01-31 10:00:00,10.391690510195364
2025-01-31 11:00:00,8.043254444769936
2025-01-31 12:00:00,10.816505511428945
2025-01-31 13:00:00,6.594832791524319
2025-01-31 14:00:00,12.058311274651288
2025-01-31 15:00:00,10.945194964826086
2025-01-31 16:00:00,10.51205946862775
2025-01-31 17:00:00,11.965381967891028
2025-01-31 18:00:00,13.330948888925152
2025-01-31 19:00:00,12.028740130036262
2025-01-31 20:00:00,6.318251537336709
2025-01-31 21:00:00,7.440846066528596
2025-01-31 22:00:00,8.750362844608642
2025-01-31 23:00:00,10.052182100421668
2025-02-01 00:00:00,11.035318040938249
2025-02-01 01:00:00,8.548512373693068
2025-02-01 02:00:00,10.373533528954155
2025-02-01 03:00:00,8.489234135293355
2025-02-01 04:00:00,8.776964394016103
2025-02-01 05:00:00,7.186677806303555
2025-02-01 06:00:00,8.153533507778192
2025-02-01 07:00:00,7.296630788767333
2025-02-01 08:00:00,8.048253494045335
2025-02-01 09:00:00,12.10728359321568
2025-02-01 10:00:00,8.101202222336115
2025-02-01 11:00:00,15.26476412967478
2025-02-01 12:00:00,10.986635801761778
2025-02-01 13:00:00,10.369672247389747
2025-02-01 14:00:00,8.283284439637573
2025-02-01 15:00:00,11.400619758817982
2025-02-01 16:00:00,8.848724347524453
2025-02-01 17:00:00,10.244019629290722
2025-02-01 18:00:00,15.12016907653759
2025-02-01 19:00:00,9.8078802005507
2025-02-01 20:00:00,12.298546652571352
2025-02-01 21:00:00,8.593647149748225
2025-02-01 22:00:00,9.930023019006075
2025-02-01 23:00:00,13.54160127127102
2025-02-02 00:00:00,8.746065884424466
2025-02-02 01:00:00,13.624897115993855
2025-02-02 02:00:00,11.415503870910952
2025-02-02 03:00:00,8.875066448211465
2025-02-02 04:00:00,11.26481547811104
2025-02-02 05:00:00,11.94510889925346
2025-02-02 06:00:00,11.243619924434393
2025-02-02 07:00:00,6.859550560219088
2025-02-02 08:00:00,8.545725648350263
2025-02-02 09:00:00,9.50496272889699
2025-02-02 10:00:00,9.851133141799908
2025-02-02 11:00:00,11.241344195101355
2025-02-02 12:00:00,10.355402001866508
2025-02-02 13:00:00,7.329311282579797
2025-02-02 14:00:00,10.760395702011929
2025-02-02 15:00:00,11.221171490567649
2025-02-02 16:00:00,11.11958089586208
2025-02-02 17:00:00,12.161561451109243
2025-02-02 18:00:00,11.667844309097807
2025-02-02 19:00:00,10.918360158456874
2025-02-02 20:00:00,9.859668577082706
2025-02-02 21:00:00,6.678078132968018
2025-02-02 22:00:00,10.859236438265173
2025-02-02 23:00:00,10.415375374326224
2025-02-03 00:00:00,10.543157674390748
2025-02-03 01:00:00,7.446502848359381
2025-02-03 02:00:00,7.837886919183475
2025-02-03 03:00:00,12.106305706665808
2025-02-03 04:00:00,9.92088969228669
2025-02-03 05:00:00,11.363001394745249
2025-02-03 06:00:00,10.05663675226092
2025-02-03 07:00:00,10.059512278991486
2025-02-03 08:00:00,11.876567611951996
2025-02-03 09:00:00,8.967910543565253
2025-02-03 10:00:00,10.192241553881969
2025-02-03 11:00:00,9.075449422589914
2025-02-03 12:00:00,9.131007545135368
2025-02-03 13:00:00,9.381655753062722
2025-02-03 14:00:00,10.444267543267426
2025-02-03 15:00:00,9.042502756673043
2025-02-03 16:00:00,12.511512251147042
2025-02-03 17:00:00,8.210785395560992
2025-02-03 18:00:00,9.626256711677282
2025-02-03 19:00:00,9.12053788345165
2025-02-03 20:00:00,12.893955768707466
2025-02-03 21:00:00,10.39310955302315
2025-02-03 22:00:00,12.06368907893727
2025-02-03 23:00:00,7.028879253926056
2025-02-04 00:00:00,10.534100531738517
2025-02-04 01:00:00,11.779261591246874
2025-02-04 02:00:00,10.16456797855085
2025-02-04 03:00:00,12.130960750130702
2025-02-04 04:00:00,8.965423099799256
2025-02-04 05:00:00,12.81869488037116
2025-02-04 06:00:00,14.5977962472385
2025-02-04 07:00:00,9.274322879120682
2025-02-04 08:00:00,9.108994957198457
2025-02-04 09:00:00,12.9067689542354
2025-02-04 10:00:00,13.159144291461423
2025-02-04 11:00:00,8.954279945693463
2025-02-04 12:00:00,9.159626365808284
2025-02-04 13:00:00,9.436430782278986
2025-02-04 14:00:00,7.311098977931445
2025-02-04 15:00:00,8.162696107031604
2025-02-04 16:00:00,7.991718466495865
2025-02-04 17:00:00,8.464404869791743
2025-02-04 18:00:00,9.930630225226436
2025-02-04 19:00:00,10.46842946507304
2025-02-04 20:00:00,13.101000985628154
2025-02-04 21:00:00,8.003291918522418
2025-02-04 22:00:00,11.968644796953168
2025-02-04 23:00:00,9.572022311548984
2025-02-05 00:00:00,9.901072580695134
2025-02-05 01:00:00,11.349638984333208
2025-02-05 02:00:00,7.754555956875403
2025-02-05 03:00:00,10.7648194923681
2025-02-05 04:00:00,10.332904416426112
2025-02-05 05:00:00,10.984902528016296
2025-02-05 06:00:00,10.578337287815636
2025-02-05 07:00:00,14.91060027982179
2025-02-05 08:00:00,8.724520031497368
2025-02-05 09:00:00,8.938006089996364
2025-02-05 10:00:00,8.753718947150471
2025-02-05 11:00:00,8.88904576167949
2025-02-05 12:00:00,8.725225745386965
2025-02-05 13:00:00,12.378033062215104
2025-02-05 14:00:00,12.84100849597971
2025-02-05 15:00:00,8.858507412501048
2025-02-05 16:00:00,8.335288853791543
2025-02-05 17:00:00,10.942831112772808
2025-02-05 18:00:00,8.895553911438057
2025-02-05 19:00:00,11.265863635511025
2025-02-05 20:00:00,10.4058460417026
2025-02-05 21:00:00,6.968511770005536
2025-02-05 22:00:00,13.095010402660122
2025-02-05 23:00:00,13.591755346191045
2025-02-06 00:00:00,8.774422619031228
2025-02-06 01:00:00,9.224596880128033
2025-02-06 02:00:00,10.57173078144981
2025-02-06 03:00:00,10.66891357997405
2025-02-06 04:00:00,11.31708854534566
2025-02-06 05:00:00,14.0204090775327
2025-02-06 06:00:00,9.6461055450119
2025-02-06 07:00:00,8.403405510923093
2025-02-06 08:00:00,7.241361543970946
2025-02-06 09:00:00,8.538139920116162
2025-02-06 10:00:00,9.933746054252406
2025-02-06 11:00:00,13.589115727035576
2025-02-06 12:00:00,8.964777401927657
2025-02-06 13:00:00,10.447575903277796
2025-02-06 14:00:00,9.967154207854495
2025-02-06 15:00:00,12.376786546896168
2025-02-06 16:00:00,15.053864851747242
2025-02-06 17:00:00,8.938262454159359
2025-02-06 18:00:00,9.021121114963556
2025-02-06 19:00:00,12.088321754138144
2025-02-06 20:00:00,11.363782979252624
2025-02-06 21:00:00,13.693414651472068
2025-02-06 22:00:00,11.167856370651927
2025-02-06 23:00:00,9.28141581842588
2025-02-07 00:00:00,11.18130966138462
2025-02-07 01:00:00,12.217407161165816
2025-02-07 02:00:00,11.640964362394728
2025-02-07 03:00:00,11.014548062214596
2025-02-07 04:00:00,12.133349379178307
2025-02-07 05:00:00,12.338591180891346
2025-02-07 06:00:00,12.764317982075054
2025-02-07 07:00:00,11.297419775179286
2025-02-07 08:00:00,9.665763839366292
2025-02-07 09:00:00,10.293427372866644
2025-02-07 10:00:00,12.413017933016716
2025-02-07 11:00:00,8.366128658025527
2025-02-07 12:00:00,10.737346617745802
2025-02-07 13:00:00,9.213322375345278
2025-02-07 14:00:00,10.057489645869635
2025-02-07 15:00:00,12.556903725214598
2025-02-07 16:00:00,10.382198136039806
2025-02-07 17:00:00,10.092873096312298
2025-02-07 18:00:00,7.280287718040162
2025-02-07 19:00:00,11.492507132054442
2025-02-07 20:00:00,11.29096836228215
2025-02-07 21:00:00,14.32650944661092
2025-02-07 22:00:00,9.384443530093998
2025-02-07 23:00:00,10.438300655327875
2025-02-08 00:00:00,10.498767367421513
2025-02-08 01:00:00,13.15490655952695
2025-02-08 02:00:00,9.809408935226095
2025-02-08 03:00:00,10.55804305154068
2025-02-08 04:00:00,11.21579301943308
2025-02-08 05:00:00,10.373218246312716
2025-02-08 06:00:00,9.107132770898945
2025-02-08 07:00:00,10.388179985796617
2025-02-08 08:00:00,12.147263499719545
2025-02-08 09:00:00,7.94696940117788
2025-02-08 10:00:00,10.265939348293752
2025-02-08 11:00:00,8.599758370121654
2025-02-08 12:00:00,12.390093257849683
2025-02-08 13:00:00,6.95362619043245
2025-02-08 14:00:00,8.882156305456823
2025-02-08 15:00:00,10.754423750129044
2025-02-08 16:00:00,13.13104805846868
2025-02-08 17:00:00,9.868499477854025
2025-02-08 18:00:00,8.889600946613603
2025-02-08 19:00:00,13.76231413888118
2025-02-08 20:00:00,7.103972199167512
2025-02-08 21:00:00,5.602388086759836
2025-02-08 22:00:00,10.880028900106664
2025-02-08 23:00:00,8.995891551294777
2025-02-09 00:00:00,7.957534365738573
2025-02-09 01:00:00,11.416712894598708
2025-02-09 02:00:00,10.487601427542398
2025-02-09 03:00:00,8.871842738526544
2025-02-09 04:00:00,7.439391202658211
2025-02-09 05:00:00,11.74491465656029
2025-02-09 06:00:00,11.300402355917322
2025-02-09 07:00:00,9.801648272441234
2025-02-09 08:00:00,13.693273992095332
2025-02-09 09:00:00,7.859830467347695
2025-02-09 10:00:00,6.948949658150522
2025-02-09 11:00:00,8.616183860237511
2025-02-09 12:00:00,9.908827967289003
2025-02-09 13:00:00,10.486678898645383
2025-02-09 14:00:00,9.51752788428734
2025-02-09 15:00:00,10.704110793028594
2025-02-09 16:00:00,7.496921151619111
2025-02-09 17:00:00,12.88752920814652
2025-02-09 18:00:00,9.835697643214862
2025-02-09 19:00:00,12.234591663176255
2025-02-09 20:00:00,10.685450692755408
2025-02-09 21:00:00,10.913506438307568
2025-02-09 22:00:00,11.139534560464408
2025-02-09 23:00:00,10.89541712003463
2025-02-10 00:00:00,11.285445519735088
2025-02-10 01:00:00,12.658305060264862
2025-02-10 02:00:00,10.39304233940294
2025-02-10 03:00:00,11.418007515177024
2025-02-10 04:00:00,9.820528611425546
2025-02-10 05:00:00,12.880234430898945
2025-02-10 06:00:00,8.64721539588146
2025-02-10 07:00:00,13.60188086582163
2025-02-10 08:00:00,9.919684098711311
2025-02-10 09:00:00,7.138449795763904
2025-02-10 10:00:00,10.256208829821578
2025-02-10 11:00:00,8.637896685050238
2025-02-10 12:00:00,11.68128709797745
2025-02-10 13:00:00,8.694752041395217
2025-02-10 14:00:00,9.10763313357044
2025-02-10 15:00:00,6.220918538108938
2025-02-10 16:00:00,9.095387361501846
2025-02-10 17:00:00,5.152241346742087
2025-02-10 18:00:00,6.832194353028553
2025-02-10 19:00:00,11.520829312288594
2025-02-10 20:00:00,11.571600317301664
2025-02-10 21:00:00,10.85091512356993
2025-02-10 22:00:00,8.066047713741574
2025-02-10 23:00:00,9.90457728771604
2025-02-11 00:00:00,9.992794921818865
2025-02-11 01:00:00,7.683270621614915
2025-02-11 02:00:00,13.0067966035343
2025-02-11 03:00:00,11.754724581151343
2025-02-11 04:00:00,9.558071652340672
2025-02-11 05:00:00,10.053771677989062
2025-02-11 06:00:00,10.416765615895104
2025-02-11 07:00:00,5.916530263151419
2025-02-11 08:00:00,9.505645234958806
2025-02-11 09:00:00,8.636031504004404
2025-02-11 10:00:00,7.996759980210169
2025-02-11 11:00:00,9.43779941422809
2025-02-11 12:00:00,13.595373053699046
2025-02-11 13:00:00,11.28168572253402
2025-02-11 14:00:00,8.857642020434406
2025-02-11 15:00:00,11.145165562712318
2025-02-11 16:00:00,12.798710873172004
2025-02-11 17:00:00,11.849267365825538
2025-02-11 18:00:00,10.119260739840348
2025-02-11 19:00:00,8.706126444588852
2025-02-11 20:00:00,11.39644662722718
2025-02-11 21:00:00,10.7869707708435
2025-02-11 22:00:00,11.790386440055464
2025-02-11 23:00:00,11.27034360336394
2025-02-12 00:00:00,12.09910543063867
2025-02-12 01:00:00,8.929529576878863
2025-02-12 02:00:00,12.634788131268651
2025-02-12 03:00:00,10.3951992093848
2025-02-12 04:00:00,14.150521745250533
2025-02-12 05:00:00,8.621624363820864
2025-02-12 06:00:00,13.4719276063305
2025-02-12 07:00:00,10.395821566925296
2025-02-12 08:00:00,8.697163992771102
2025-02-12 09:00:00,9.032228331891355
2025-02-12 10:00:00,9.35930538361136
2025-02-12 11:00:00,10.848331892803833
2025-02-12 12:00:00,11.045670976071
2025-02-12 13:00:00,8.852599992122842
2025-02-12 14:00:00,9.951290815478034
2025-02-12 15:00:00,14.284540717223727
2025-02-12 16:00:00,13.455086340201422
2025-02-12 17:00:00,10.872647339348063
2025-02-12 18:00:00,10.0760069563364
2025-02-12 19:00:00,10.240062653436524
2025-02-12 20:00:00,11.227035945460834
2025-02-12 21:00:00,7.954414869603189
2025-02-12 22:00:00,9.48524692515331
2025-02-12 23:00:00,6.66283185224482
2025-02-13 00:00:00,10.798446245210558
2025-02-13 01:00:00,11.294391879405485
2025-02-13 02:00:00,9.033627075401252
2025-02-13 03:00:00,13.147973526580063
2025-02-13 04:00:00,7.548468673995318
2025-02-13 05:00:00,7.07125023958036
2025-02-13 06:00:00,10.448903637119944
2025-02-13 07:00:00,12.094196605224308
2025-02-13 08:00:00,13.367855382915735
2025-02-13 09:00:00,9.08223147426212
2025-02-13 10:00:00,12.157361666862592
2025-02-13 11:00:00,9.922983060998586
2025-02-13 12:00:00,9.65474540011836
2025-02-13 13:00:00,11.767319874973344
2025-02-13 14:00:00,11.30464575682684
2025-02-13 15:00:00,6.847215686031501
2025-02-13 16:00:00,12.953080699451792
2025-02-13 17:00:00,12.760182708294902
2025-02-13 18:00:00,8.748874596980942
2025-02-13 19:00:00,10.791607066874818
2025-02-13 20:00:00,10.988060372565478
2025-02-13 21:00:00,10.521347531647814
2025-02-13 22:00:00,8.89938969230916
2025-02-13 23:00:00,8.656753264123896
2025-02-14 00:00:00,9.94889185801711
2025-02-14 01:00:00,12.345458038518728
2025-02-14 02:00:00,11.087200309188864
2025-02-14 03:00:00,9.258771335827788
2025-02-14 04:00:00,11.543397421296689
2025-02-14 05:00:00,4.302914758739849
2025-02-14 06:00:00,12.297531400744209
2025-02-14 07:00:00,6.5205724424438
2025-02-14 08:00:00,9.275118117193736
2025-02-14 09:00:00,7.760660210747712
2025-02-14 10:00:00,7.410637048558189
2025-02-14 11:00:00,12.321653574757038
2025-02-14 12:00:00,9.064597597376215
2025-02-14 13:00:00,10.69300776346143
2025-02-14 14:00:00,9.906158842241632
2025-02-14 15:00:00,10.954081654446243
2025-02-14 16:00:00,10.153643782120511
2025-02-14 17:00:00,7.434015551622861
2025-02-14 18:00:00,11.99253363889428
2025-02-14 19:00:00,9.012486833677375
2025-02-14 20:00:00,6.886836202680498
2025-02-14 21:00:00,9.143769678068177
2025-02-14 22:00:00,13.00151958126862
2025-02-14 23:00:00,11.700443484226986
2025-02-15 00:00:00,9.30269573118428
2025-02-15 01:00:00,9.301484591363142
2025-02-15 02:00:00,9.356729897565234
2025-02-15 03:00:00,14.153495967121682
2025-02-15 04:00:00,10.763870904463106
2025-02-15 05:00:00,10.86008329438214
2025-02-15 06:00:00,12.060566908063684
2025-02-15 07:00:00,10.477578318053029
2025-02-15 08:00:00,9.481915708358594
2025-02-15 09:00:00,9.607300301830044
2025-02-15 10:00:00,9.856797481171872
2025-02-15 11:00:00,9.925555526980316
2025-02-15 12:00:00,11.45525908727396
2025-02-15 13:00:00,10.1038917716146
2025-02-15 14:00:00,11.46528015443116
2025-02-15 15:00:00,9.838566839782835
2025-02-15 16:00:00,10.15727038063218
2025-02-15 17:00:00,6.003598630935785
2025-02-15 18:00:00,11.832655349404964
2025-02-15 19:00:00,10.692976951795986
2025-02-15 20:00:00,11.996020219719304
2025-02-15 21:00:00,4.207489243612621
2025-02-15 22:00:00,14.176749409561456
2025-02-15 23:00:00,9.720820743689652
2025-02-16 00:00:00,12.216365633475032
2025-02-16 01:00:00,7.920188145748938
2025-02-16 02:00:00,11.22554781012514
2025-02-16 03:00:00,7.893168873652687
2025-02-16 04:00:00,8.75246207860839
2025-02-16 05:00:00,13.828062707733572
2025-02-16 06:00:00,9.618635198473308
2025-02-16 07:00:00,10.434865746359446
2025-02-16 08:00:00,11.740135461377507
2025-02-16 09:00:00,10.991363775945208
2025-02-16 10:00:00,10.300837810287153
2025-02-16 11:00:00,10.729922004932453
2025-02-16 12:00:00,14.80683117047655
2025-02-16 13:00:00,9.884762405932827
2025-02-16 14:00:00,10.402198093429934
2025-02-16 15:00:00,12.101308792015224
2025-02-16 16:00:00,12.211051865915968
2025-02-16 17:00:00,12.37406061112076
2025-02-16 18:00:00,11.27746044405837
2025-02-16 19:00:00,7.713990174539033
2025-02-16 20:00:00,13.266863064602193
2025-02-16 21:00:00,7.707309213962624
2025-02-16 22:00:00,10.605270930478069
2025-02-16 23:00:00,8.491448299961284
2025-02-17 00:00:00,9.871723306814015
2025-02-17 01:00:00,10.657524820606962
2025-02-17 02:00:00,10.642714430900549
2025-02-17 03:00:00,10.84384150847057
2025-02-17 04:00:00,13.227422538117294
2025-02-17 05:00:00,10.90706860302796
2025-02-17 06:00:00,9.511686729418702
2025-02-17 07:00:00,11.928174336576715
2025-02-17 08:00:00,12.37894097784928
2025-02-17 09:00:00,7.544784369726015
2025-02-17 10:00:00,11.194800139699716
2025-02-17 11:00:00,11.402345484621796
2025-02-17 12:00:00,9.404872993280016
2025-02-17 13:00:00,12.75141362662324
2025-02-17 14:00:00,9.699888825934943
2025-02-17 15:00:00,10.251152906943084
2025-02-17 16:00:00,9.65385635143226
2025-02-17 17:00:00,10.031158095162937
2025-02-17 18:00:00,7.807449826209597
2025-02-17 19:00:00,7.119898234811411
2025-02-17 20:00:00,13.189010126449944
2025-02-17 21:00:00,8.306077303363345
2025-02-17 22:00:00,8.017215301087386
2025-02-17 23:00:00,5.69321977279257
2025-02-18 00:00:00,8.722076504620995
2025-02-18 01:00:00,7.353820413185003
2025-02-18 02:00:00,13.284030320272738
2025-02-18 03:00:00,12.01963417868527
2025-02-18 04:00:00,8.623699309644552
2025-02-18 05:00:00,14.504871610688618
2025-02-18 06:00:00,11.963530973983188
2025-02-18 07:00:00,9.350337232982756
2025-02-18 08:00:00,5.001188570252855
2025-02-18 09:00:00,14.581885145181484
2025-02-18 10:00:00,7.220855066472808
2025-02-18 11:00:00,6.709202506086216
2025-02-18 12:00:00,12.04514086401928
2025-02-18 13:00:00,14.879504812678546
2025-02-18 14:00:00,12.768545637021036
2025-02-18 15:00:00,11.12781824010472
2025-02-18 16:00:00,11.189508683330573
2025-02-18 17:00:00,11.706831117560617
2025-02-18 18:00:00,11.51785717957353
2025-02-18 19:00:00,10.562382847938752
2025-02-18 20:00:00,10.208402207903752
2025-02-18 21:00:00,9.874813744200956
2025-02-18 22:00:00,8.492070822266648
2025-02-18 23:00:00,9.438649846266452
2025-02-19 00:00:00,6.614086371609229
2025-02-19 01:00:00,9.8033207464105
2025-02-19 02:00:00,8.022817785698164
2025-02-19 03:00:00,7.792821365568457
2025-02-19 04:00:00,10.359788302306956
2025-02-19 05:00:00,12.7840045726892
2025-02-19 06:00:00,11.836633212004626
2025-02-19 07:00:00,6.8589987927536455
2025-02-19 08:00:00,8.020743726859324
2025-02-19 09:00:00,11.881542375976432
2025-02-19 10:00:00,8.035025212923381
2025-02-19 11:00:00,9.550733700005951
2025-02-19 12:00:00,11.100104198049104
2025-02-19 13:00:00,8.06331109027273
2025-02-19 14:00:00,10.21075101229192
2025-02-19 15:00:00,7.331949010163591
2025-02-19 16:00:00,8.797264712097572
2025-02-19 17:00:00,10.639563868285077
2025-02-19 18:00:00,6.814012532936662
2025-02-19 19:00:00,10.880949475920795
2025-02-19 20:00:00,9.960724402146637
2025-02-19 21:00:00,11.104979908834297
2025-02-19 22:00:00,10.447828268129324
2025-02-19 23:00:00,12.728280859947688
2025-02-20 00:00:00,10.250449005295817
2025-02-20 01:00:00,9.141188917749494
2025-02-20 02:00:00,10.244595006064568
2025-02-20 03:00:00,11.086596058072775
2025-02-20 04:00:00,10.09772014065141
2025-02-20 05:00:00,10.081183382407763
2025-02-20 06:00:00,8.59601662438649
2025-02-20 07:00:00,8.674198164898103
2025-02-20 08:00:00,7.194789456400613
2025-02-20 09:00:00,13.499153486373878
2025-02-20 10:00:00,7.512273529217429
2025-02-20 11:00:00,8.614189604408185
2025-02-20 12:00:00,8.563185468861604
2025-02-20 13:00:00,11.789848753888885
2025-02-20 14:00:00,9.410100643415944
2025-02-20 15:00:00,12.495484145347469
2025-02-20 16:00:00,8.653018751512263
2025-02-20 17:00:00,10.557988324447605
2025-02-20 18:00:00,8.329305893480486
2025-02-20 19:00:00,14.290298255546777
2025-02-20 20:00:00,7.624803161940974
2025-02-20 21:00:00,10.619641420454055
2025-02-20 22:00:00,11.267553761864196
2025-02-20 23:00:00,10.827598194902995
2025-02-21 00:00:00,9.629424682244585
2025-02-21 01:00:00,9.740358600533147
2025-02-21 02:00:00,10.08762294395822
2025-02-21 03:00:00,9.705995996743022
2025-02-21 04:00:00,11.92775823358982
2025-02-21 05:00:00,14.421046003182704
2025-02-21 06:00:00,8.885016429984333
2025-02-21 07:00:00,7.2603940408418435
2025-02-21 08:00:00,9.82343590329749
2025-02-21 09:00:00,15.159418675308636
2025-02-21 10:00:00,8.392650864060538
2025-02-21 11:00:00,13.278233610888137
2025-02-21 12:00:00,13.35540162815288
2025-02-21 13:00:00,8.892823516584011
2025-02-21 14:00:00,11.137966158370553
2025-02-21 15:00:00,13.256793246257075
2025-02-21 16:00:00,9.241744518025026
2025-02-21 17:00:00,9.592839279795276
2025-02-21 18:00:00,8.836638172102713
2025-02-21 19:00:00,7.970486538614266
2025-02-21 20:00:00,8.701444909867986
2025-02-21 21:00:00,7.552119466475487
2025-02-21 22:00:00,10.068166936518452
2025-02-21 23:00:00,8.460053537882716
2025-02-22 00:00:00,10.467571823581496
2025-02-22 01:00:00,6.888208707592746
2025-02-22 02:00:00,10.661760464428914
2025-02-22 03:00:00,11.667057923217849
2025-02-22 04:00:00,6.012528714857089
2025-02-22 05:00:00,10.748113139695144
2025-02-22 06:00:00,12.455337984946585
2025-02-22 07:00:00,7.580717962617589
2025-02-22 08:00:00,13.345144773675408
2025-02-22 09:00:00,10.83803801873209
2025-02-22 10:00:00,8.589976288483182
2025-02-22 11:00:00,9.888461844684588
2025-02-22 12:00:00,11.116653825043445
2025-02-22 13:00:00,10.152010782824822
2025-02-22 14:00:00,11.077511984892736
2025-02-22 15:00:00,8.158652813841268
2025-02-22 16:00:00,10.338721648072156
2025-02-22 17:00:00,7.17257100619004
2025-02-22 18:00:00,9.7775478773026
2025-02-22 19:00:00,8.19218471707042
2025-02-22 20:00:00,8.528940114820466
2025-02-22 21:00:00,12.472186350420875
2025-02-22 22:00:00,12.182620241188538
2025-02-22 23:00:00,11.218276241814356
2025-02-23 00:00:00,7.815374470654842
2025-02-23 01:00:00,9.367183100610395
2025-02-23 02:00:00,12.426195399958369
2025-02-23 03:00:00,10.28343382727981
2025-02-23 04:00:00,14.63865907996339
2025-02-23 05:00:00,10.786635678788745
2025-02-23 06:00:00,10.384098232980064
2025-02-23 07:00:00,9.381767071594997
2025-02-23 08:00:00,10.267081809564564
2025-02-23 09:00:00,9.695060327238911
2025-02-23 10:00:00,11.41621735337718
2025-02-23 11:00:00,11.913404633589169
2025-02-23 12:00:00,8.4280210789841
2025-02-23 13:00:00,7.337534092884444
2025-02-23 14:00:00,6.327589253793407
2025-02-23 15:00:00,11.015982653825088
2025-02-23 16:00:00,7.793266787652253
2025-02-23 17:00:00,5.694218814095034
2025-02-23 18:00:00,10.777157209061928
2025-02-23 19:00:00,14.985999034865582
2025-02-23 20:00:00,9.987858176920213
2025-02-23 21:00:00,11.676981548903283
2025-02-23 22:00:00,10.16365871709513
2025-02-23 23:00:00,9.802220693617716
2025-02-24 00:00:00,11.838152965975535
2025-02-24 01:00:00,9.419450911622697
2025-02-24 02:00:00,10.534784628143806
2025-02-24 03:00:00,10.643395612392029
2025-02-24 04:00:00,8.663819092713902
2025-02-24 05:00:00,11.984084699073046
2025-02-24 06:00:00,9.650080486609182
2025-02-24 07:00:00,8.48850968101431
2025-02-24 08:00:00,11.073019687140809
2025-02-24 09:00:00,8.203064036417926
2025-02-24 10:00:00,10.056362314738257
2025-02-24 11:00:00,9.981762006711593
2025-02-24 12:00:00,12.171791131663156
2025-02-24 13:00:00,10.949396465759904
2025-02-24 14:00:00,9.949946082509712
2025-02-24 15:00:00,11.635532598400577
2025-02-24 16:00:00,12.780415098034627
2025-02-24 17:00:00,11.115620612703724
2025-02-24 18:00:00,10.02070523968676
2025-02-24 19:00:00,7.376327535299681
2025-02-24 20:00:00,7.869772673849255
2025-02-24 21:00:00,9.389550591290664
2025-02-24 22:00:00,8.780975595681433
2025-02-24 23:00:00,9.626057394029107
2025-02-25 00:00:00,10.113299849794217
2025-02-25 01:00:00,11.05938550871346
2025-02-25 02:00:00,9.859002443881815
2025-02-25 03:00:00,10.973003287652404
2025-02-25 04:00:00,10.12894882962024
2025-02-25 05:00:00,6.049066867292257
2025-02-25 06:00:00,8.121329212362491
2025-02-25 07:00:00,9.71182488855677
2025-02-25 08:00:00,7.580610514317785
2025-02-25 09:00:00,11.199857459992408
2025-02-25 10:00:00,13.061501664687396
2025-02-25 11:00:00,12.437523703394634
2025-02-25 12:00:00,9.573114258139585
2025-02-25 13:00:00,12.981452273699905
2025-02-25 14:00:00,10.297334914404225
2025-02-25 15:00:00,9.32582805776392
2025-02-25 16:00:00,8.77319467291812
2025-02-25 17:00:00,9.395060627023744
2025-02-25 18:00:00,9.223646362917542
2025-02-25 19:00:00,10.340832444750976
2025-02-25 20:00:00,10.32114796209973
2025-02-25 21:00:00,10.006092040306829
2025-02-25 22:00:00,10.8738763394927
2025-02-25 23:00:00,12.381292549572684
2025-02-26 00:00:00,11.899108270882648
2025-02-26 01:00:00,7.030204063100193
2025-02-26 02:00:00,4.89215773019609
2025-02-26 03:00:00,11.868639822478547
2025-02-26 04:00:00,7.266242603169157
2025-02-26 05:00:00,9.550469196214634
2025-02-26 06:00:00,7.65977394788128
2025-02-26 07:00:00,6.396039124839961
2025-02-26 08:00:00,11.082925456409576
2025-02-26 09:00:00,11.518310320605291
2025-02-26 10:00:00,8.846979198546562
2025-02-26 11:00:00,4.81791541571018
2025-02-26 12:00:00,8.907511103495034
2025-02-26 13:00:00,10.783608010805091
2025-02-26 14:00:00,7.042176862451743
2025-02-26 15:00:00,10.36671983955831
2025-02-26 16:00:00,9.96938030165401
2025-02-26 17:00:00,11.158582999202176
2025-02-26 18:00:00,10.239160736828309
2025-02-26 19:00:00,8.05386211823689
2025-02-26 20:00:00,12.393143003328984
2025-02-26 21:00:00,9.68294085394606
2025-02-26 22:00:00,9.945390920980136
2025-02-26 23:00:00,8.133464081853608
2025-02-27 00:00:00,9.11343549761698
2025-02-27 01:00:00,8.230394571946198
2025-02-27 02:00:00,9.654107880153154
2025-02-27 03:00:00,13.423416960284689
2025-02-27 04:00:00,7.256197714137287
2025-02-27 05:00:00,6.772877204246518
2025-02-27 06:00:00,12.942340654987216
2025-02-27 07:00:00,9.581352645696269
2025-02-27 08:00:00,8.661854522680168
2025-02-27 09:00:00,12.079809374792152
2025-02-27 10:00:00,8.788768920526271
2025-02-27 11:00:00,13.652019427093872
2025-02-27 12:00:00,11.35585174267854
2025-02-27 13:00:00,9.024177183708597
2025-02-27 14:00:00,14.314616426531009
2025-02-27 15:00:00,8.788570153993323
2025-02-27 16:00:00,11.484190744018614
2025-02-27 17:00:00,10.598585160812984
2025-02-27 18:00:00,12.603482578797596
2025-02-27 19:00:00,13.123022393453706
2025-02-27 20:00:00,10.064008298131531
2025-02-27 21:00:00,8.493164259307633
2025-02-27 22:00:00,10.919944285878232
2025-02-27 23:00:00,8.644569260495787
2025-02-28 00:00:00,14.026774495053246
2025-02-28 01:00:00,10.273070662165477
2025-02-28 02:00:00,9.269356897375784
2025-02-28 03:00:00,10.369360611729816
2025-02-28 04:00:00,7.305747420940607
2025-02-28 05:00:00,8.056771922978697
2025-02-28 06:00:00,12.400827815888851
2025-02-28 07:00:00,8.686211442057209
2025-02-28 08:00:00,7.90617803463612
2025-02-28 09:00:00,11.073305505054572
2025-02-28 10:00:00,12.371408309325991
2025-02-28 11:00:00,11.437906621330134
2025-02-28 12:00:00,11.992095371611631
2025-02-28 13:00:00,8.486409822861079
2025-02-28 14:00:00,7.1563786665163125
2025-02-28 15:00:00,13.002667303910972
2025-02-28 16:00:00,9.354640322315728
2025-02-28 17:00:00,9.498333967089906
2025-02-28 18:00:00,12.656388283698115
2025-02-28 19:00:00,11.11246001880132
2025-02-28 20:00:00,10.911775544163214
2025-02-28 21:00:00,14.330004689802168
2025-02-28 22:00:00,8.712963539239714
2025-02-28 23:00:00,11.855680256162474
2025-03-01 00:00:00,10.114026249794168
2025-03-01 01:00:00,10.537184557726516
2025-03-01 02:00:00,13.056936852825064
2025-03-01 03:00:00,11.015671512579248
2025-03-01 04:00:00,11.076592158099269
2025-03-01 05:00:00,12.145014674619604
2025-03-01 06:00:00,9.27009454091423
2025-03-01 07:00:00,8.321580665321987
2025-03-01 08:00:00,7.910381611957932
2025-03-01 09:00:00,6.067286821247997
2025-03-01 10:00:00,14.112414259880644
2025-03-01 11:00:00,7.793583268556634
2025-03-01 12:00:00,9.557492752828455
2025-03-01 13:00:00,9.44637340022216
2025-03-01 14:00:00,10.6148133956182
2025-03-01 15:00:00,11.631474425078594
2025-03-01 16:00:00,11.72094697671949
2025-03-01 17:00:00,8.833845122862122
2025-03-01 18:00:00,9.665756572427178
2025-03-01 19:00:00,10.5651599009766
2025-03-01 20:00:00,9.502617747632906
2025-03-01 21:00:00,13.214691152039986
2025-03-01 22:00:00,10.981949903276504
2025-03-01 23:00:00,11.469755572099634
2025-03-02 00:00:00,11.325762537334825
2025-03-02 01:00:00,12.34694771497065
2025-03-02 02:00:00,10.362043117407412
2025-03-02 03:00:00,7.406336104088307
2025-03-02 04:00:00,10.799375903505284
2025-03-02 05:00:00,8.697286212416342
2025-03-02 06:00:00,8.942766636500487
2025-03-02 07:00:00,11.172728037510186
2025-03-02 08:00:00,12.476566142867272
2025-03-02 09:00:00,10.042543153472124
2025-03-02 10:00:00,10.617666025197927
2025-03-02 11:00:00,13.404429889270476
2025-03-02 12:00:00,10.481506358977136
2025-03-02 13:00:00,15.203366228360789
2025-03-02 14:00:00,11.131019291263089
2025-03-02 15:00:00,6.478474481688364
2025-03-02 16:00:00,11.506683242209064
2025-03-02 17:00:00,10.762316769765556
2025-03-02 18:00:00,12.579505508165491
2025-03-02 19:00:00,11.346362702539915
2025-03-02 20:00:00,9.723088032032452
2025-03-02 21:00:00,7.551403527421268
2025-03-02 22:00:00,9.581953485427947
2025-03-02 23:00:00,8.2989590915814
2025-03-03 00:00:00,8.838953100390555
2025-03-03 01:00:00,11.17715680884122
2025-03-03 02:00:00,13.339809008702812
2025-03-03 03:00:00,10.789343059645962
2025-03-03 04:00:00,7.608233875929631
2025-03-03 05:00:00,10.88920533644028
2025-03-03 06:00:00,12.393262973291302
2025-03-03 07:00:00,8.780434191361236
2025-03-03 08:00:00,9.731965666654164
2025-03-03 09:00:00,10.029376389458394
2025-03-03 10:00:00,8.43020337383552
2025-03-03 11:00:00,11.296560867687718
2025-03-03 12:00:00,9.758103702784435
2025-03-03 13:00:00,10.839064887814056
2025-03-03 14:00:00,8.2250156443958
2025-03-03 15:00:00,9.12508339935318
2025-03-03 16:00:00,11.444762715655544
2025-03-03 17:00:00,9.254333695816468
2025-03-03 18:00:00,13.45392770246681
2025-03-03 19:00:00,9.200727628770796
2025-03-03 20:00:00,10.449369451503772
2025-03-03 21:00:00,11.86518166374618
2025-03-03 22:00:00,7.163268534133937
2025-03-03 23:00:00,6.478382376038448
2025-03-04 00:00:00,6.94868737085981
2025-03-04 01:00:00,12.525168206854364
2025-03-04 02:00:00,8.896283708215107
2025-03-04 03:00:00,15.116398571336504
2025-03-04 04:00:00,8.871504802685223
2025-03-04 05:00:00,10.369102606394074
2025-03-04 06:00:00,13.08421990513575
2025-03-04 07:00:00,14.012185776318246
2025-03-04 08:00:00,14.123007153272797
2025-03-04 09:00:00,12.416732461186283
2025-03-04 10:00:00,12.048125051622923
2025-03-04 11:00:00,11.185053898402366
2025-03-04 12:00:00,11.556722152333275
2025-03-04 13:00:00,8.897628567342933
2025-03-04 14:00:00,8.363602233155385
2025-03-04 15:00:00,9.993251085178096
2025-03-04 16:00:00,9.659630754950143
2025-03-04 17:00:00,9.09354390134545
2025-03-04 18:00:00,11.392774894913432
2025-03-04 19:00:00,11.910610417141022
2025-03-04 20:00:00,10.176813772583694
2025-03-04 21:00:00,12.955060162110524
2025-03-04 22:00:00,7.71662177173299
2025-03-04 23:00:00,9.612681081440565
2025-03-05 00:00:00,8.56635535879439
2025-03-05 01:00:00,6.26692676585388
2025-03-05 02:00:00,9.834638628314602
2025-03-05 03:00:00,9.756504983233432
2025-03-05 04:00:00,13.02689948648426
2025-03-05 05:00:00,11.261623369109556
2025-03-05 06:00:00,7.95162635134159
2025-03-05 07:00:00,13.708185132668376
2025-03-05 08:00:00,12.442067391050706
2025-03-05 09:00:00,11.164195406937232
2025-03-05 10:00:00,9.547031802300337
2025-03-05 11:00:00,8.08112152655304
2025-03-05 12:00:00,9.255586447857894
2025-03-05 13:00:00,12.177497239408371
2025-03-05 14:00:00,13.769172611869218
2025-03-05 15:00:00,13.086487056544378
2025-03-05 16:00:00,9.022301156427451
2025-03-05 17:00:00,7.760765133421978
2025-03-05 18:00:00,10.281772493822409
2025-03-05 19:00:00,6.463121268874296
2025-03-05 20:00:00,10.646335428369564
2025-03-05 21:00:00,9.704794827402663
2025-03-05 22:00:00,9.067926996263516
2025-03-05 23:00:00,6.810593865466409
2025-03-06 00:00:00,11.027200213139434
2025-03-06 01:00:00,8.934598320676177
2025-03-06 02:00:00,7.660166328579424
2025-03-06 03:00:00,4.255475573436701
2025-03-06 04:00:00,9.944970189898727
2025-03-06 05:00:00,13.544503193339487
2025-03-06 06:00:00,13.32251842909574
2025-03-06 07:00:00,9.085807486827456
2025-03-06 08:00:00,8.79557587927644
2025-03-06 09:00:00,10.937548512150048
2025-03-06 10:00:00,8.003229121623416
2025-03-06 11:00:00,10.603583799638931
2025-03-06 12:00:00,11.53216055676938
2025-03-06 13:00:00,12.453866447768617
2025-03-06 14:00:00,9.799691847040094
2025-03-06 15:00:00,9.592652499646068
2025-03-06 16:00:00,8.244034826486878
2025-03-06 17:00:00,8.34623929192028
2025-03-06 18:00:00,9.547042216196946
2025-03-06 19:00:00,10.734731013632356
2025-03-06 20:00:00,11.8271692524665
2025-03-06 21:00:00,8.39364209863931
2025-03-06 22:00:00,12.985377137919045
2025-03-06 23:00:00,9.457752797914862
2025-03-07 00:00:00,9.957265411303128
2025-03-07 01:00:00,8.505576641704353
2025-03-07 02:00:00,5.151519479454117
2025-03-07 03:00:00,11.7680907927221
2025-03-07 04:00:00,11.473687794184867
2025-03-07 05:00:00,9.437344885763574
2025-03-07 06:00:00,10.133981434449744
2025-03-07 07:00:00,11.0318784354082
2025-03-07 08:00:00,6.874908286226915
2025-03-07 09:00:00,8.94189464530741
2025-03-07 10:00:00,11.588529359243656
2025-03-07 11:00:00,7.491421153661501
2025-03-07 12:00:00,10.587115864333258
2025-03-07 13:00:00,7.28683639075319
2025-03-07 14:00:00,10.932859964867053
2025-03-07 15:00:00,9.928717035405032
2025-03-07 16:00:00,6.7697363681889815
2025-03-07 17:00:00,12.329478708914342
2025-03-07 18:00:00,8.530816846403901
2025-03-07 19:00:00,8.37949512597124
2025-03-07 20:00:00,10.401138394461883
2025-03-07 21:00:00,12.29727469885743
2025-03-07 22:00:00,7.968356362043206
2025-03-07 23:00:00,10.123359699695945
2025-03-08 00:00:00,10.857633000661146
2025-03-08 01:00:00,11.386211214526288
2025-03-08 02:00:00,10.352883110554451
2025-03-08 03:00:00,9.265944321833356
2025-03-08 04:00:00,8.34481955870256
2025-03-08 05:00:00,10.172287766092747
2025-03-08 06:00:00,7.855721976028786
2025-03-08 07:00:00,4.157299033010785
2025-03-08 08:00:00,10.873119608315337
2025-03-08 09:00:00,11.80786968217239
2025-03-08 10:00:00,5.274135128916323
2025-03-08 11:00:00,7.9805385905801245
2025-03-08 12:00:00,11.238308522010396
2025-03-08 13:00:00,14.114990939423397
2025-03-08 14:00:00,10.041587415350817
2025-03-08 15:00:00,8.543994117541732
2025-03-08 16:00:00,9.63420711779032
2025-03-08 17:00:00,12.74975283829637
2025-03-08 18:00:00,8.70807164175093
2025-03-08 19:00:00,8.401615986699493
2025-03-08 20:00:00,9.034512955635936
2025-03-08 21:00:00,8.093342783482575
2025-03-08 22:00:00,10.245340631989592
2025-03-08 23:00:00,13.24935691693912
2025-03-09 00:00:00,10.646158546232058
2025-03-09 01:00:00,9.495292995747423
2025-03-09 02:00:00,9.416377462168912
2025-03-09 03:00:00,6.873618382606686
2025-03-09 04:00:00,11.766219554294318
2025-03-09 05:00:00,9.844325605974396
2025-03-09 06:00:00,9.63904017281875
2025-03-09 07:00:00,16.38621513568972
2025-03-09 08:00:00,10.597505816731372
2025-03-09 09:00:00,8.496417899809632
2025-03-09 10:00:00,9.147284807588914
2025-03-09 11:00:00,12.29689141839351
2025-03-09 12:00:00,10.22654082107553
2025-03-09 13:00:00,7.123444043365266
2025-03-09 14:00:00,11.838457869150409
2025-03-09 15:00:00,8.663711828922011
2025-03-09 16:00:00,13.74659555243509
2025-03-09 17:00:00,12.160096131429295
2025-03-09 18:00:00,9.105356208682498
2025-03-09 19:00:00,12.562032723470224
2025-03-09 20:00:00,10.135711021054806
2025-03-09 21:00:00,11.70554735024444
2025-03-09 22:00:00,10.96946563458895
2025-03-09 23:00:00,8.307286690018254
2025-03-10 00:00:00,8.712900335365076
2025-03-10 01:00:00,12.059921635162322
2025-03-10 02:00:00,9.330449335786918
2025-03-10 03:00:00,9.192703073516007
2025-03-10 04:00:00,8.089754841301295
2025-03-10 05:00:00,10.84719813118692
2025-03-10 06:00:00,14.12504983848629
2025-03-10 07:00:00,7.864934171491454
2025-03-10 08:00:00,10.048438913345516
2025-03-10 09:00:00,12.824441110830858
2025-03-10 10:00:00,9.840717217508567
2025-03-10 11:00:00,10.904743592499468
2025-03-10 12:00:00,7.875212943706241
2025-03-10 13:00:00,10.856614194415297
2025-03-10 14:00:00,9.625711469990902
2025-03-10 15:00:00,11.971459991359726
2025-03-10 16:00:00,12.3747721031295
2025-03-10 17:00:00,15.179127284037229
2025-03-10 18:00:00,11.15926634642715
2025-03-10 19:00:00,10.651592633164332
2025-03-10 20:00:00,10.388768603154672
2025-03-10 21:00:00,9.293667414378625
2025-03-10 22:00:00,10.676967686923382
2025-03-10 23:00:00,9.40919717972194
2025-03-11 00:00:00,10.336921952539228
2025-03-11 01:00:00,12.63519507121592
2025-03-11 02:00:00,7.986914869440717
2025-03-11 03:00:00,12.27975712225809
2025-03-11 04:00:00,12.634230134679733
2025-03-11 05:00:00,9.763862946017843
2025-03-11 06:00:00,5.756290201982811
2025-03-11 07:00:00,8.784356025811135
2025-03-11 08:00:00,12.593989093122218
2025-03-11 09:00:00,9.954263875402235
2025-03-11 10:00:00,8.001395535410179
2025-03-11 11:00:00,8.990450157543565
2025-03-11 12:00:00,11.681240053009104
2025-03-11 13:00:00,11.093467136402758
2025-03-11 14:00:00,9.52213580166061
2025-03-11 15:00:00,9.266351176370623
2025-03-11 16:00:00,9.216483701912356
2025-03-11 17:00:00,8.155179631002994
2025-03-11 18:00:00,13.230751378938884
2025-03-11 19:00:00,9.35535906157732
2025-03-11 20:00:00,12.434317041650992
2025-03-11 21:00:00,13.042632103844902
2025-03-11 22:00:00,11.99662179629592
2025-03-11 23:00:00,9.136759374563905
2025-03-12 00:00:00,10.80746018067322
2025-03-12 01:00:00,9.951608787218168
2025-03-12 02:00:00,8.192596278539744
2025-03-12 03:00:00,10.648718563443206
2025-03-12 04:00:00,7.641920417680395
2025-03-12 05:00:00,12.375358776923129
2025-03-12 06:00:00,9.070765405403217
2025-03-12 07:00:00,10.402319311745678
2025-03-12 08:00:00,10.566575743092285
2025-03-12 09:00:00,9.482190052591845
2025-03-12 10:00:00,11.17338760295055
2025-03-12 11:00:00,9.05019268675495
2025-03-12 12:00:00,11.742594594914488
2025-03-12 13:00:00,7.308040639506503
2025-03-12 14:00:00,10.252759159092824
2025-03-12 15:00:00,13.87785799811657
2025-03-12 16:00:00,7.999337350788851
2025-03-12 17:00:00,8.644510058950297
2025-03-12 18:00:00,11.02781569931783
2025-03-12 19:00:00,10.359163563879196
2025-03-12 20:00:00,10.701260198547118
2025-03-12 21:00:00,10.978374260295327
2025-03-12 22:00:00,11.26944293712354
2025-03-12 23:00:00,12.219399683912446
2025-03-13 00:00:00,10.819637313857026
2025-03-13 01:00:00,9.517484690762917
2025-03-13 02:00:00,11.345147402405464
2025-03-13 03:00:00,13.79976386979043
2025-03-13 04:00:00,9.734732507234853
2025-03-13 05:00:00,8.050941390658718
2025-03-13 06:00:00,12.214161338573945
2025-03-13 07:00:00,9.759237672092803
2025-03-13 08:00:00,5.654660907971928
2025-03-13 09:00:00,11.694843354300843
2025-03-13 10:00:00,8.929343628092155
2025-03-13 11:00:00,9.818933435391678
2025-03-13 12:00:00,10.663960661138027
2025-03-13 13:00:00,10.380999359558134
2025-03-13 14:00:00,11.41890363427808
2025-03-13 15:00:00,9.129027258860312
2025-03-13 16:00:00,11.026211596352166
2025-03-13 17:00:00,9.480906644832164
2025-03-13 18:00:00,11.477620961775006
2025-03-13 19:00:00,11.230734968026107
2025-03-13 20:00:00,8.12912259591081
2025-03-13 21:00:00,12.171964232350064
2025-03-13 22:00:00,8.928073109771905
2025-03-13 23:00:00,11.61611559656229
2025-03-14 00:00:00,10.73457462680268
2025-03-14 01:00:00,13.676367353590244
2025-03-14 02:00:00,9.553068035256295
2025-03-14 03:00:00,9.301366407763606
2025-03-14 04:00:00,9.961160788224534
2025-03-14 05:00:00,9.39364043433145
2025-03-14 06:00:00,11.5998838038841
2025-03-14 07:00:00,6.767378783126825
2025-03-14 08:00:00,7.892635161707291
2025-03-14 09:00:00,7.864394156841614
2025-03-14 10:00:00,11.900615183947153
2025-03-14 11:00:00,13.42122674516385
2025-03-14 12:00:00,9.791101562925055
2025-03-14 13:00:00,9.66235655361998
2025-03-14 14:00:00,10.140104326226362
2025-03-14 15:00:00,12.32375660521638
2025-03-14 16:00:00,8.145293731618851
2025-03-14 17:00:00,10.476737965469573
2025-03-14 18:00:00,11.95039525956486
2025-03-14 19:00:00,11.002188339879693
2025-03-14 20:00:00,10.379163233197486
2025-03-14 21:00:00,12.002092185134282
2025-03-14 22:00:00,4.593535414001526
2025-03-14 23:00:00,11.355750639061815
2025-03-15 00:00:00,8.691848633745153
2025-03-15 01:00:00,6.338734206287086
2025-03-15 02:00:00,11.02240519904996
2025-03-15 03:00:00,12.747317090325916
2025-03-15 04:00:00,9.725102970744617
2025-03-15 05:00:00,11.905749094405875
2025-03-15 06:00:00,13.22455651597729
2025-03-15 07:00:00,12.629828907168095
2025-03-15 08:00:00,13.279929058742786
2025-03-15 09:00:00,11.484254982143783
2025-03-15 10:00:00,10.150867277803185
2025-03-15 11:00:00,6.796068376205663
2025-03-15 12:00:00,9.507875023740104
2025-03-15 13:00:00,8.313506809367617
2025-03-15 14:00:00,14.341885434995628
2025-03-15 15:00:00,9.648228375135329
2025-03-15 16:00:00,10.246409613568972
2025-03-15 17:00:00,11.102970752080935
2025-03-15 18:00:00,10.087204892744907
2025-03-15 19:00:00,13.390102080861508
2025-03-15 20:00:00,8.754701276531096
2025-03-15 21:00:00,10.389214910474486
2025-03-15 22:00:00,8.515058828603904
2025-03-15 23:00:00,7.359954977558589
2025-03-16 00:00:00,8.776461818189428
2025-03-16 01:00:00,9.925926405903176
2025-03-16 02:00:00,9.14139555096548
2025-03-16 03:00:00,8.615158040252288
2025-03-16 04:00:00,7.187365072656332
2025-03-16 05:00:00,9.833788854742613
2025-03-16 06:00:00,6.990559251937995
2025-03-16 07:00:00,11.520111927379205
2025-03-16 08:00:00,10.164879505869006
2025-03-16 09:00:00,7.084897001070139
2025-03-16 10:00:00,9.381581845900271
2025-03-16 11:00:00,8.495687188818835
2025-03-16 12:00:00,10.63834902083836
2025-03-16 13:00:00,12.680900892046289
2025-03-16 14:00:00,6.249655060708511
2025-03-16 15:00:00,10.230052158294834
2025-03-16 16:00:00,9.67973440886672
2025-03-16 17:00:00,11.34268015290093
2025-03-16 18:00:00,10.42639325647538
2025-03-16 19:00:00,8.496061336522361
2025-03-16 20:00:00,9.361892128666764
2025-03-16 21:00:00,8.407948286393022
2025-03-16 22:00:00,12.152014277197196
2025-03-16 23:00:00,10.042623297343884
2025-03-17 00:00:00,13.802381371506016
2025-03-17 01:00:00,9.87867837237076
2025-03-17 02:00:00,8.583186466179075
2025-03-17 03:00:00,6.972571214774346
2025-03-17 04:00:00,6.393720647488109
2025-03-17 05:00:00,6.831728113989021
2025-03-17 06:00:00,10.534253302022966
2025-03-17 07:00:00,11.017450046459867
2025-03-17 08:00:00,6.837618595935734
2025-03-17 09:00:00,11.790076628152232
2025-03-17 10:00:00,9.033877896633122
2025-03-17 11:00:00,10.293586023971098
2025-03-17 12:00:00,13.224441256510849
2025-03-17 13:00:00,11.793678631731064
2025-03-17 14:00:00,9.462938704188335
2025-03-17 15:00:00,8.217615549169425
2025-03-17 16:00:00,5.69636919734139
2025-03-17 17:00:00,8.56169336151516
2025-03-17 18:00:00,9.577739522344611
2025-03-17 19:00:00,8.025640945697633
2025-03-17 20:00:00,9.737486065815393
2025-03-17 21:00:00,10.153703765917536
2025-03-17 22:00:00,9.550288036383844
2025-03-17 23:00:00,8.699994838353081
2025-03-18 00:00:00,10.337309343933455
2025-03-18 01:00:00,10.883881299138816
2025-03-18 02:00:00,7.819201845114308
2025-03-18 03:00:00,12.82186475949254
2025-03-18 04:00:00,9.802823735431476
2025-03-18 05:00:00,10.037699245889696
2025-03-18 06:00:00,11.416428846513115
2025-03-18 07:00:00,10.466432262527004
2025-03-18 08:00:00,11.90627326782649
2025-03-18 09:00:00,10.574248330403648
2025-03-18 10:00:00,8.775125250719125
2025-03-18 11:00:00,10.723007050412203
2025-03-18 12:00:00,7.712547585358676
2025-03-18 13:00:00,10.217119411553046
2025-03-18 14:00:00,9.933540018711078
2025-03-18 15:00:00,9.58376628545492
2025-03-18 16:00:00,9.742924977122138
2025-03-18 17:00:00,6.236301909004721
2025-03-18 18:00:00,8.902550184518077
2025-03-18 19:00:00,10.18568980228223
2025-03-18 20:00:00,10.3197127839948
2025-03-18 21:00:00,7.944649718148083
2025-03-18 22:00:00,12.5314156817294
2025-03-18 23:00:00,8.267650303571
2025-03-19 00:00:00,11.938914401053474
2025-03-19 01:00:00,10.85438872374337
2025-03-19 02:00:00,8.707545380312395
2025-03-19 03:00:00,13.550621785219024
2025-03-19 04:00:00,7.61272633648704
2025-03-19 05:00:00,11.838308347220003
2025-03-19 06:00:00,12.001164636085957
2025-03-19 07:00:00,8.65875958184671
2025-03-19 08:00:00,12.784930600128655
2025-03-19 09:00:00,9.499906970802094
2025-03-19 10:00:00,10.577387258559714
2025-03-19 11:00:00,10.52064367754244
2025-03-19 12:00:00,9.731382517058904
2025-03-19 13:00:00,11.621616546319563
2025-03-19 14:00:00,11.586977441104429
2025-03-19 15:00:00,6.502936053523639
2025-03-19 16:00:00,12.608680485756306
2025-03-19 17:00:00,6.675016023928651
2025-03-19 18:00:00,12.065092408683316
2025-03-19 19:00:00,12.253410273655168
2025-03-19 20:00:00,7.818067139569603
2025-03-19 21:00:00,9.17837142409083
2025-03-19 22:00:00,7.788590663028128
2025-03-19 23:00:00,9.57015793942253
2025-03-20 00:00:00,9.383931431628518
2025-03-20 01:00:00,11.55932106453868
2025-03-20 02:00:00,12.620617492239218
2025-03-20 03:00:00,12.791367621579912
2025-03-20 04:00:00,8.875663946843396
2025-03-20 05:00:00,9.581556252510945
2025-03-20 06:00:00,6.6331236155581
2025-03-20 07:00:00,8.388259867007623
2025-03-20 08:00:00,11.929703266194917
2025-03-20 09:00:00,13.231165647096464
2025-03-20 10:00:00,7.531302256240156
2025-03-20 11:00:00,8.815071481694211
2025-03-20 12:00:00,9.947188486082146
2025-03-20 13:00:00,10.560322317639212
2025-03-20 14:00:00,8.380792960156707
2025-03-20 15:00:00,10.84812208892818
2025-03-20 16:00:00,9.052321305858168
2025-03-20 17:00:00,9.97109545824344
2025-03-20 18:00:00,11.0925684960074
2025-03-20 19:00:00,10.012844539621875
2025-03-20 20:00:00,9.127228218946865
2025-03-20 21:00:00,9.78078039214834
2025-03-20 22:00:00,9.823274081589329
2025-03-20 23:00:00,9.259977940235744
2025-03-21 00:00:00,9.482407874665796
2025-03-21 01:00:00,13.197294341009432
2025-03-21 02:00:00,11.121838895882478
2025-03-21 03:00:00,9.40903936394168
2025-03-21 04:00:00,11.393908809021472
2025-03-21 05:00:00,9.33236102048798
2025-03-21 06:00:00,12.346249275173282
2025-03-21 07:00:00,10.739284384396187
2025-03-21 08:00:00,9.785395711991542
2025-03-21 09:00:00,10.895433851620554
2025-03-21 10:00:00,6.858247695863001
2025-03-21 11:00:00,7.746465062180389
2025-03-21 12:00:00,7.612149987201889
2025-03-21 13:00:00,10.285886189527414
2025-03-21 14:00:00,13.465029998970184
2025-03-21 15:00:00,14.462600292385265
2025-03-21 16:00:00,11.276102202881514
2025-03-21 17:00:00,11.001688949888914
2025-03-21 18:00:00,6.3978845316945225
2025-03-21 19:00:00,8.914652400531956
2025-03-21 20:00:00,8.424432496183522
2025-03-21 21:00:00,8.758304803497769
2025-03-21 22:00:00,9.66371236283042
2025-03-21 23:00:00,9.055818844605746
2025-03-22 00:00:00,6.041400379248424
2025-03-22 01:00:00,11.495820512235069
2025-03-22 02:00:00,7.854513948520387
2025-03-22 03:00:00,10.4784937282223
2025-03-22 04:00:00,14.148165339499949
2025-03-22 05:00:00,8.161230816827153
2025-03-22 06:00:00,4.9394249545073405
2025-03-22 07:00:00,9.427991556239778
2025-03-22 08:00:00,12.20191926999714
2025-03-22 09:00:00,13.916694908441189
2025-03-22 10:00:00,7.540900811095167
2025-03-22 11:00:00,10.993398446473044
2025-03-22 12:00:00,9.069379086439891
2025-03-22 13:00:00,9.788103291391728
2025-03-22 14:00:00,15.28868669403407
2025-03-22 15:00:00,6.994059343209694
2025-03-22 16:00:00,10.507479322989148
2025-03-22 17:00:00,10.935386343530867
2025-03-22 18:00:00,12.171572649878694
2025-03-22 19:00:00,10.195966306941791
2025-03-22 20:00:00,10.616101079008205
2025-03-22 21:00:00,9.21670286515642
2025-03-22 22:00:00,10.538253882490215
2025-03-22 23:00:00,9.313615449005178
2025-03-23 00:00:00,11.2431437797121
2025-03-23 01:00:00,9.260779327912733
2025-03-23 02:00:00,10.754200787804374
2025-03-23 03:00:00,9.941474372630044
2025-03-23 04:00:00,12.252100501544335
2025-03-23 05:00:00,9.897212552823028
2025-03-23 06:00:00,6.453935063586237
2025-03-23 07:00:00,12.523843001427984
2025-03-23 08:00:00,8.188535398274762
2025-03-23 09:00:00,8.69246732270236
2025-03-23 10:00:00,8.808677411913015
2025-03-23 11:00:00,12.748876186341636
2025-03-23 12:00:00,5.728651572042608
2025-03-23 13:00:00,16.27549706731999
2025-03-23 14:00:00,12.112113618132105
2025-03-23 15:00:00,10.44647782825832
2025-03-23 16:00:00,9.890211998767429
2025-03-23 17:00:00,10.571108149715316
2025-03-23 18:00:00,11.042244856758677
2025-03-23 19:00:00,11.290431171900114
2025-03-23 20:00:00,11.111208932006896
2025-03-23 21:00:00,10.179161362510497
2025-03-23 22:00:00,9.605323159385348
2025-03-23 23:00:00,9.697453432692976
2025-03-24 00:00:00,9.610183439294635
2025-03-24 01:00:00,12.26754019373413
2025-03-24 02:00:00,11.187113444561724
2025-03-24 03:00:00,4.11922273067144
2025-03-24 04:00:00,11.311801553059524
2025-03-24 05:00:00,10.38947238943755
2025-03-24 06:00:00,9.962582487108206
2025-03-24 07:00:00,9.222963093822228
2025-03-24 08:00:00,12.248225439972028
2025-03-24 09:00:00,11.895052924245716
2025-03-24 10:00:00,8.454244664352782
2025-03-24 11:00:00,10.81410457424907
2025-03-24 12:00:00,8.056686530917428
2025-03-24 13:00:00,7.240763670422139
2025-03-24 14:00:00,8.746565550820069
2025-03-24 15:00:00,11.724786944765516
2025-03-24 16:00:00,11.906250090752174
2025-03-24 17:00:00,11.026170840194586
2025-03-24 18:00:00,11.450191573695994
2025-03-24 19:00:00,11.032356574229915
2025-03-24 20:00:00,8.717036809554095
2025-03-24 21:00:00,10.863845089347882
2025-03-24 22:00:00,11.600819050455366
2025-03-24 23:00:00,11.508582659627148
2025-03-25 00:00:00,12.377826742949283
2025-03-25 01:00:00,11.416607694402128
2025-03-25 02:00:00,10.702896415083163
2025-03-25 03:00:00,12.140300476632856
2025-03-25 04:00:00,9.94695748150188
2025-03-25 05:00:00,8.236250697544564
2025-03-25 06:00:00,9.673866072112473
2025-03-25 07:00:00,8.510194710387102
2025-03-25 08:00:00,8.649643450051236
2025-03-25 09:00:00,9.710962658568963
2025-03-25 10:00:00,8.415160158000077
2025-03-25 11:00:00,9.38407694072192
2025-03-25 12:00:00,6.212770666092428
2025-03-25 13:00:00,10.426587414745876
2025-03-25 14:00:00,10.002410950724448
2025-03-25 15:00:00,8.365822737863619
2025-03-25 16:00:00,11.31849133686481
2025-03-25 17:00:00,11.875140275253116
2025-03-25 18:00:00,6.784880271262052
2025-03-25 19:00:00,8.47455044286757
2025-03-25 20:00:00,8.461715300425404
2025-03-25 21:00:00,8.120193797782271
2025-03-25 22:00:00,11.658949683863495
2025-03-25 23:00:00,9.612347722454391
2025-03-26 00:00:00,9.47097031737878
2025-03-26 01:00:00,5.992275271186493
2025-03-26 02:00:00,11.270836060418452
2025-03-26 03:00:00,7.521483210293055
2025-03-26 04:00:00,10.119865260532656
2025-03-26 05:00:00,10.554753875916385
2025-03-26 06:00:00,12.721317191677302
2025-03-26 07:00:00,7.382359201761776
2025-03-26 08:00:00,3.96097568835835
2025-03-26 09:00:00,10.36769908950739
2025-03-26 10:00:00,13.601022363021707
2025-03-26 11:00:00,12.477892705878874
2025-03-26 12:00:00,10.419318830549251
2025-03-26 13:00:00,9.016727628735904
2025-03-26 14:00:00,11.61424519327462
2025-03-26 15:00:00,8.052907600591062
2025-03-26 16:00:00,10.952715538712438
2025-03-26 17:00:00,11.010940318333253
2025-03-26 18:00:00,12.12041981499776
2025-03-26 19:00:00,15.519320077822156
2025-03-26 20:00:00,10.784831934357534
2025-03-26 21:00:00,8.982072748585002
2025-03-26 22:00:00,9.94885137561601
2025-03-26 23:00:00,6.461848190221764
2025-03-27 00:00:00,8.610573737821884
2025-03-27 01:00:00,9.181435123773792
2025-03-27 02:00:00,8.951823204130815
2025-03-27 03:00:00,10.304709744067445
2025-03-27 04:00:00,8.355160135235598
2025-03-27 05:00:00,12.242061334648945
2025-03-27 06:00:00,10.000414129836397
2025-03-27 07:00:00,9.981399357722747
2025-03-27 08:00:00,9.344210566974164
2025-03-27 09:00:00,10.31038136771796
2025-03-27 10:00:00,11.650196529335268
2025-03-27 11:00:00,8.2657395685782
2025-03-27 12:00:00,8.683767021849487
2025-03-27 13:00:00,9.39254794244667
2025-03-27 14:00:00,7.30825815305357
2025-03-27 15:00:00,8.361484280557004
2025-03-27 16:00:00,9.047558252910685
2025-03-27 17:00:00,11.748778361425456
2025-03-27 18:00:00,10.52512265800385
2025-03-27 19:00:00,10.387179822735089
2025-03-27 20:00:00,11.701795924335944
2025-03-27 21:00:00,9.725256423201207
2025-03-27 22:00:00,10.78092969985778
2025-03-27 23:00:00,9.793556494135007
2025-03-28 00:00:00,10.530724698799258
2025-03-28 01:00:00,8.834482684776836
2025-03-28 02:00:00,5.122365683447142
2025-03-28 03:00:00,9.731441675627392
2025-03-28 04:00:00,12.84549627219988
2025-03-28 05:00:00,11.852430804483184
2025-03-28 06:00:00,11.930794969182342
2025-03-28 07:00:00,12.472261443612435
2025-03-28 08:00:00,10.177315181922877
2025-03-28 09:00:00,10.394631414811192
2025-03-28 10:00:00,8.7646962091313
2025-03-28 11:00:00,9.3678542879459
2025-03-28 12:00:00,11.231542299542284
2025-03-28 13:00:00,12.407768874337632
2025-03-28 14:00:00,9.721107448638
2025-03-28 15:00:00,9.099621470297176
2025-03-28 16:00:00,10.001055917713195
2025-03-28 17:00:00,11.202413497858233
2025-03-28 18:00:00,7.112290367732916
2025-03-28 19:00:00,5.407638093725524
2025-03-28 20:00:00,8.898926301016832
2025-03-28 21:00:00,7.558575148171682
2025-03-28 22:00:00,8.983719604705378
2025-03-28 23:00:00,9.704439362365058
2025-03-29 00:00:00,9.093503181953974
2025-03-29 01:00:00,12.90493506894149
2025-03-29 02:00:00,10.65348952920464
2025-03-29 03:00:00,10.600948719221655
2025-03-29 04:00:00,11.244414288086803
2025-03-29 05:00:00,7.722333764438462
2025-03-29 06:00:00,12.078223574840536
2025-03-29 07:00:00,9.84847142692908
2025-03-29 08:00:00,11.340961234482425
2025-03-29 09:00:00,7.856285533919689
2025-03-29 10:00:00,6.892482467967872
2025-03-29 11:00:00,11.635779316050057
2025-03-29 12:00:00,10.752819052195033
2025-03-29 13:00:00,8.19589689128498
2025-03-29 14:00:00,8.26067383745061
2025-03-29 15:00:00,12.25086956882954
2025-03-29 16:00:00,7.621176214265344
2025-03-29 17:00:00,13.285345906511926
2025-03-29 18:00:00,8.198758530704263
2025-03-29 19:00:00,11.276783851216766
2025-03-29 20:00:00,9.34276304850203
2025-03-29 21:00:00,11.206374862164688
2025-03-29 22:00:00,8.911771995771614
2025-03-29 23:00:00,9.674414187855412
2025-03-30 00:00:00,10.081838350791442
2025-03-30 01:00:00,7.9956250884370546
2025-03-30 02:00:00,11.48164869084025
2025-03-30 03:00:00,8.97357286705683
2025-03-30 04:00:00,9.542800169319962
2025-03-30 05:00:00,8.011301250782976
2025-03-30 06:00:00,4.875332682409379
2025-03-30 07:00:00,9.617944474799662
2025-03-30 08:00:00,14.825230843225832
2025-03-30 09:00:00,11.569208575796049
2025-03-30 10:00:00,9.961479240531212
2025-03-30 11:00:00,9.474218341583464
2025-03-30 12:00:00,10.044931785624092
2025-03-30 13:00:00,11.09423823035042
2025-03-30 14:00:00,7.63837436938231
2025-03-30 15:00:00,12.228643389337744
2025-03-30 16:00:00,11.430762630882487
2025-03-30 17:00:00,11.43637145141587
2025-03-30 18:00:00,10.876951477619455
2025-03-30 19:00:00,10.03923331538798
2025-03-30 20:00:00,11.34572247193364
2025-03-30 21:00:00,11.183628267482757
2025-03-30 22:00:00,9.291918578117953
2025-03-30 23:00:00,8.852796454206198
2025-03-31 00:00:00,10.203712590523974
2025-03-31 01:00:00,13.098040302990375
2025-03-31 02:00:00,7.521785848692199
2025-03-31 03:00:00,7.06494946849512
2025-03-31 04:00:00,10.329521682473034
2025-03-31 05:00:00,10.101775403712036
2025-03-31 06:00:00,10.346683328740816
2025-03-31 07:00:00,10.487906395817
2025-03-31 08:00:00,9.55359549073039
2025-03-31 09:00:00,12.979726877204165
2025-03-31 10:00:00,6.798192043046969
2025-03-31 11:00:00,8.343005950439508
2025-03-31 12:00:00,9.793490479701903
2025-03-31 13:00:00,6.7136223776916655
2025-03-31 14:00:00,9.648291191135858
2025-03-31 15:00:00,13.322940331456037
2025-03-31 16:00:00,10.041772976591924
2025-03-31 17:00:00,10.461401811437367
2025-03-31 18:00:00,7.47967046965484
2025-03-31 19:00:00,8.767277183921045
2025-03-31 20:00:00,9.249607239352128
2025-03-31 21:00:00,9.364569806487532
2025-03-31 22:00:00,12.563287590007535
2025-03-31 23:00:00,11.11538212145025
2025-04-01 00:00:00,7.777084086125936
2025-04-01 01:00:00,10.49300955686401
2025-04-01 02:00:00,10.996443496993573
2025-04-01 03:00:00,12.280298077042533
2025-04-01 04:00:00,13.161081373136748
2025-04-01 05:00:00,7.969811616344263
2025-04-01 06:00:00,8.378284977579323
2025-04-01 07:00:00,7.484844282170768
2025-04-01 08:00:00,9.531960281786038
2025-04-01 09:00:00,10.932716748892668
2025-04-01 10:00:00,11.974669033178204
2025-04-01 11:00:00,9.848097952714957
2025-04-01 12:00:00,9.360304953490312
2025-04-01 13:00:00,10.30351598449748
2025-04-01 14:00:00,8.329714196739953
2025-04-01 15:00:00,14.179077443389549
2025-04-01 16:00:00,6.784677945763883
2025-04-01 17:00:00,10.36948115779145
2025-04-01 18:00:00,14.04721243845928
2025-04-01 19:00:00,10.013599689119996
2025-04-01 20:00:00,9.61992192999701
2025-04-01 21:00:00,9.285109154379146
2025-04-01 22:00:00,9.639216636475185
2025-04-01 23:00:00,12.74569694935306
2025-04-02 00:00:00,5.576276177340986
2025-04-02 01:00:00,13.066867402592653
2025-04-02 02:00:00,7.15208569509971
2025-04-02 03:00:00,9.466695341531173
2025-04-02 04:00:00,9.141511159402675
2025-04-02 05:00:00,11.17710653954144
2025-04-02 06:00:00,6.803751296232505
2025-04-02 07:00:00,10.924345332163886
2025-04-02 08:00:00,14.048619246573704
2025-04-02 09:00:00,7.273651990814379
2025-04-02 10:00:00,10.379412335220792
2025-04-02 11:00:00,8.676035644406781
2025-04-02 12:00:00,10.85177441238607
2025-04-02 13:00:00,10.038295554831503
2025-04-02 14:00:00,8.71702618191138
2025-04-02 15:00:00,10.975744569742147
2025-04-02 16:00:00,13.608696219573488
2025-04-02 17:00:00,9.618192416545403
2025-04-02 18:00:00,11.439515884296364
2025-04-02 19:00:00,7.413454084257673
2025-04-02 20:00:00,8.087127246363982
2025-04-02 21:00:00,10.944812555760755
2025-04-02 22:00:00,12.96823205707193
2025-04-02 23:00:00,10.71122669757132
2025-04-03 00:00:00,9.373883938953693
2025-04-03 01:00:00,9.998582810846708
2025-04-03 02:00:00,7.499184532060565
2025-04-03 03:00:00,11.209030652710734
2025-04-03 04:00:00,11.76466612464682
2025-04-03 05:00:00,9.09581933433384
2025-04-03 06:00:00,9.059915704480996
2025-04-03 07:00:00,10.531756459304097
2025-04-03 08:00:00,9.126560527918809
2025-04-03 09:00:00,9.867734770748354
2025-04-03 10:00:00,14.199443578333032
2025-04-03 11:00:00,9.505948598508006
2025-04-03 12:00:00,9.283319695957555
2025-04-03 13:00:00,8.704916388729682
2025-04-03 14:00:00,11.488383942999874
2025-04-03 15:00:00,9.637551653563794
2025-04-03 16:00:00,8.701253923357148
2025-04-03 17:00:00,12.642608064546025
2025-04-03 18:00:00,12.839206009027274
2025-04-03 19:00:00,8.79915286852259
2025-04-03 20:00:00,6.266920097278767
2025-04-03 21:00:00,12.015027379673844
2025-04-03 22:00:00,8.630740348479993
2025-04-03 23:00:00,11.581251198325536
2025-04-04 00:00:00,6.059792364576328
2025-04-04 01:00:00,11.785194676598618
2025-04-04 02:00:00,7.577656141438437
2025-04-04 03:00:00,11.461528238133049
2025-04-04 04:00:00,10.028546135672867
2025-04-04 05:00:00,8.09212116120671
2025-04-04 06:00:00,9.18592737414644
2025-04-04 07:00:00,11.372636913913402
2025-04-04 08:00:00,10.211788906230469
2025-04-04 10:00:00,10.1
2025-04-04 14:00:00,11.5
2025-04-04 15:00:00,0.0
2025-04-04 16:00:00,0.0
